"时间戳","主键ID","行业分类ID","监管企业大类","监管企业小类","粉尘种类","粉尘种类小类","集中除尘系统干式数量","集中除尘系统湿式数量","单班涉粉作业人数","钢铁企业json数据","高炉数量","高炉信息","转炉数量","转炉信息","电炉数量","电炉信息","煤气柜数量","煤气柜信息","氨罐数量","氨罐信息","铝加工企业json数据","深井浇筑系统数量","钢丝绳式提升装置数量","液压式提升装置数量","熔炼炉事故联锁装置","流槽及铸造系统事故联锁装置","存在附属污水处理设施设备企业","存在造纸企业","存在酱腌菜企业","删除标识","备注","上报历史id","所选设备","涉炉企业内容","粉尘涉爆企业内容","有限空间企业内容","钢铁企业内容","铝加工企业内容","危化品企业内容","创建人","修改人","创建时间","更新时间"
2025-06-19 20:13:30.000,"0de53377ddf140419f7cc77f655fdb22",,SUPE_CORP_E,,,,,,,,,,,,,,,,,,,,,,,,,,,"0",,e016cf583a3f4daa8bb35d8b618a5132,,,,,,,,admin,admin,2022-01-20 00:00:00.000,2022-01-20 00:00:00.000
2025-06-19 20:13:12.000,"0de5593019e64dc2b8061f6922cd745d",,SUPE_CORP_E,,,,,,,,0,,0,,0,,0,,0,,,,,,,,,,,"0",,"6d437178131146c990ad5a637527aaab",,,,,,,,admin,admin,2024-01-03 00:00:00.000,2024-01-03 00:00:00.000
2025-06-19 20:13:21.000,"0de56e200b154453beeacf9e4fc95eef",,SUPE_CORP_E,,,,,,,,0,,0,,0,,0,,0,,,,,,,,,,,"0",,c29cc028fa7c4b01a73bcf3cabe067f0,,,,,,,,admin,admin,2023-11-15 00:00:00.000,2023-11-15 00:00:00.000
2025-06-19 20:13:08.000,"0de570933e5a4ce4b82000cff17a223f",,SUPE_CORP_E,,,,,,,,0,,0,,0,,0,,0,,,,,,,,,,,"0",,"3b4a6ee59c4a462294a0161d8d584f77",,,,,,,,admin,admin,2023-02-08 00:00:00.000,2023-02-08 00:00:00.000
2025-06-19 20:13:13.000,"0de57d1cdcf24210904b670cdf04ead5",,SUPE_CORP_E,,,,,,,,0,,0,,0,,0,,0,,,,,,,,,,,"0",,"7df4e67855a64168b352d13d12b97994",,,,,,,,admin,admin,2022-01-13 00:00:00.000,2022-01-13 00:00:00.000
2025-06-19 20:13:19.000,"0de588d0e0094039bbe21256f7321841",,SUPE_CORP_E,,,,,,,,0,,0,,0,,0,,0,,,,,,,,,,,"0",,aaf3f13a8dfd453f91f9f4f12ac43224,,,,,,,,admin,admin,2023-02-11 00:00:00.000,2023-02-11 00:00:00.000
2025-06-19 20:13:07.000,"0de64b7271cc44d68dc4b87778070d13",,SUPE_CORP_E,,,,,,,,0,,0,,0,,0,,0,,,,,,,,,,,"0",,"2d42314645194a769858c26b4efdf3bb",,,,,,,,admin,admin,2022-01-11 00:00:00.000,2022-01-11 00:00:00.000
2025-06-19 20:13:32.000,"0de6ffc950c04f6e87c89a2638704b3e",,SUPE_CORP_H,,,,,,,,0,,0,,0,,0,,0,,,,,,,,,,,"0",,"8f1c14762cb44c17aa678dc69e6edf83",,,,,,,"{""newWeihuaList"":[{""city"":""320500"",""county"":""320583"",""createTime"":1739325709000,""hazardousCount"":1,""hazardousDetailList"":[{""actualityPresence"":0.1,""cas"":""/"",""chemicalName"":""含易燃溶剂的合成树脂、油漆、辅助材料、涂料等制品[闪点＜23℃和初沸点≤35℃]"",""chemicalStatus"":""0"",""chemicalsKnowledge"":{""bh"":"""",""bzwx"":"""",""cczysx"":"""",""cjr"":"""",""czzysx"":"""",""fgxx"":"""",""fj"":"""",""flxx"":"""",""hjwh"":"""",""jkwh"":"""",""mbbh"":"""",""mc"":"""",""mhff"":"""",""orgId"":"""",""pfjc"":"""",""qrtj"":"""",""recorderId"":"""",""sfgz"":"""",""sfgzName"":"""",""sfwx"":"""",""sfyb"":"""",""sfybName"":"""",""sfyd"":"""",""sfydName"":"""",""sr"":"""",""whpbh"":"""",""wxtx"":"""",""wxxlb"":"""",""xgr"":"""",""xr"":"""",""yhrscw"":"""",""yjcl"":"""",""yjjc"":"""",""ywmc"":"""",""ywmc2"":"""",""ywxtbh"":""""},""createTime"":1739325709000,""criticalQuantity"":10,""dangerInfo"":"""",""id"":""8aae073294ed6a5e0194f7e419535890"",""isYazl"":"""",""purpose"":""1"",""reserves"":0,""storageType"":""4"",""storehouseType"":"""",""unitId"":""8aae073294ed6a5e0194f7e41916588f"",""updateTime"":1739325709000,""yearUsage"":0}],""id"":""8aae073294ed6a5e0194f7e41916588f"",""isYazl"":""0"",""province"":""320000"",""riskId"":""76324ac92e9da298cca7ab42aedc8327"",""riskLevel"":""C"",""riskName"":""（100315）易燃易爆场所动火作业"",""sValue"":0.01,""seqNo"":1,""subdistrict"":""320583105"",""unitName"":""上胶车间"",""updateTime"":1739325709000,""uuitNo"":""91320583739428304F""},{""city"":""320500"",""county"":""320583"",""createTime"":1739325709000,""hazardousCount"":1,""hazardousDetailList"":[{""actualityPresence"":0.1,""cas"":""/"",""chemicalName"":""含易燃溶剂的合成树脂、油漆、辅助材料、涂料等制品[闪点＜23℃和初沸点＞35℃]"",""chemicalStatus"":""0"",""chemicalsKnowledge"":{""bh"":"""",""bzwx"":"""",""cczysx"":"""",""cjr"":"""",""czzysx"":"""",""fgxx"":"""",""fj"":"""",""flxx"":"""",""hjwh"":"""",""jkwh"":"""",""mbbh"":"""",""mc"":"""",""mhff"":"""",""orgId"":"""",""pfjc"":"""",""qrtj"":"""",""recorderId"":"""",""sfgz"":"""",""sfgzName"":"""",""sfwx"":"""",""sfyb"":"""",""sfybName"":"""",""sfyd"":"""",""sfydName"":"""",""sr"":"""",""whpbh"":"""",""wxtx"":"""",""wxxlb"":"""",""xgr"":"""",""xr"":"""",""yhrscw"":"""",""yjcl"":"""",""yjjc"":"""",""ywmc"":"""",""ywmc2"":"""",""ywxtbh"":""""},""createTime"":1739325709000,""criticalQuantity"":1000,""dangerInfo"":"""",""id"":""8aae073294ed6a5e0194f7e419585892"",""isYazl"":"""",""purpose"":""1"",""reserves"":0,""storageType"":""4"",""storehouseType"":"""",""unitId"":""8aae073294ed6a5e0194f7e419545891"",""updateTime"":1739325709000,""yearUsage"":0}],""id"":""8aae073294ed6a5e0194f7e419545891"",""isYazl"":""0"",""province"":""320000"",""riskId"":""3662cde20c9b5d74e5e0841c5ca84bbf"",""riskLevel"":""D"",""riskName"":""（100311）储存场所危险化学品泄漏"",""sValue"":0,""seqNo"":2,""subdistrict"":""320583105"",""unitName"":""上胶间"",""updateTime"":1739325709000,""uuitNo"":""91320583739428304F""}],""weihuaList"":[]}",admin,admin,2025-02-12 00:00:00.000,2025-02-12 00:00:00.000
2025-06-19 20:13:02.000,"0de711462571443880f7e318f6145bad",,SUPE_CORP_C,,,,,,,"{""dianluList"":[{""typeNum"":"""",""typeSpec"":""""}],""gaoluList"":[{""typeNum"":"""",""typeSpec"":""""}],""meiqiList"":[{""typeNum"":"""",""typeSpec"":""""}],""zhuanluList"":[{""typeNum"":"""",""typeSpec"":""""}]}",0,,0,,0,,0,,0,,"{""gudingshiList"":[{""typeNum"":"""",""typeSpec"":""""}],""qidongshiList"":[{""typeNum"":"""",""typeSpec"":""""}]}",,,,,,"1","0","0","0",,"356497da22e141a995b20fd6ff53dd2d",,,,"{""chulishebeiList"":[],""ifzuoye"":""1"",""youxiankongjianNum"":""2""}",,,,admin,admin,2024-01-15 00:00:00.000,2024-01-15 00:00:00.000
2025-06-19 20:13:02.000,"0de7e41542034bff961e4d30b2ac0a37",,SUPE_CORP_C,,,,,,,"{""dianluList"":[{""typeNum"":"""",""typeSpec"":""""}],""gaoluList"":[{""typeNum"":"""",""typeSpec"":""""}],""meiqiList"":[{""typeNum"":"""",""typeSpec"":""""}],""zhuanluList"":[{""typeNum"":"""",""typeSpec"":""""}]}",0,,0,,0,,0,,0,,"{""gudingshiList"":[{""typeNum"":"""",""typeSpec"":""""}],""qidongshiList"":[{""typeNum"":"""",""typeSpec"":""""}]}",,,,,,"1","0","0","0",,e533cda740244c938ed7599e9cc9c326,,,,"{""chulishebeiList"":[],""ifzuoye"":""1"",""youxiankongjianNum"":""1""}",,,,admin,admin,2024-01-16 00:00:00.000,2024-01-16 00:00:00.000
2025-06-19 20:13:05.000,"0de7e47ebcc94347b744f80472c8c66f",,SUPE_CORP_E,,,,,,,,0,,0,,0,,0,,0,,,,,,,,,,,"0",,"0df2268401b34d7286aadc89ec0cc352",,,,,,,,admin,admin,2023-03-15 00:00:00.000,2023-03-15 00:00:00.000
2025-06-19 20:13:20.000,"7094cb20130c416193aa27baeabb773f",,SUPE_CORP_E,,,,,,,,0,,0,,0,,0,,0,,,,,,,,,,,"0",,b4337dd166e04bc1ba6d4336146d3ca2,,,,,,,,admin,admin,2022-03-11 00:00:00.000,2022-03-11 00:00:00.000
2025-06-19 20:13:31.000,"0de7ec2569534f44aa0f9d483072465e",,SUPE_CORP_H,,,,,,,,0,,0,,0,,0,,0,,,,,,,,,,,"0",,"2069eac0627a4be18f4bbd4e197f66af",,,,,,,"{""newWeihuaList"":[{""city"":""320500"",""county"":""320582"",""createTime"":1737201644000,""hazardousCount"":1,""hazardousDetailList"":[{""actualityPresence"":0.01,""cas"":""/"",""chemicalName"":""含易燃溶剂的合成树脂、油漆、辅助材料、涂料等制品[闪点＜23℃和初沸点≤35℃]"",""chemicalStatus"":""1"",""chemicalsKnowledge"":{""bh"":"""",""bzwx"":"""",""cczysx"":"""",""cjr"":"""",""czzysx"":"""",""fgxx"":"""",""fj"":"""",""flxx"":"""",""hjwh"":"""",""jkwh"":"""",""mbbh"":"""",""mc"":"""",""mhff"":"""",""orgId"":"""",""pfjc"":"""",""qrtj"":"""",""recorderId"":"""",""sfgz"":"""",""sfgzName"":"""",""sfwx"":"""",""sfyb"":"""",""sfybName"":"""",""sfyd"":"""",""sfydName"":"""",""sr"":"""",""whpbh"":"""",""wxtx"":"""",""wxxlb"":"""",""xgr"":"""",""xr"":"""",""yhrscw"":"""",""yjcl"":"""",""yjjc"":"""",""ywmc"":"""",""ywmc2"":"""",""ywxtbh"":""""},""createTime"":1737201644000,""criticalQuantity"":10,""dangerInfo"":"""",""id"":""8aae0732946e279701947949700777b2"",""isYazl"":"""",""purpose"":""1"",""reserves"":0,""storageType"":""4"",""storehouseType"":"""",""unitId"":""8aae0732946e279701947949700677b1"",""updateTime"":1737201644000,""yearUsage"":0}],""id"":""8aae0732946e279701947949700677b1"",""isYazl"":""0"",""province"":""320000"",""riskId"":""049f4fa5247e433abd6ebb1584e2f0fb"",""riskLevel"":""D"",""riskName"":""（100311）储存场所危险化学品泄漏"",""sValue"":0,""seqNo"":1,""subdistrict"":""320582105"",""unitName"":""油墨存放区"",""updateTime"":1737201644000,""uuitNo"":""91320582398366706L""}],""weihuaList"":[]}",admin,admin,2025-01-21 00:00:00.000,2025-01-21 00:00:00.000
2025-06-19 20:13:07.000,"0de86630c7f6499abfc5522a08b1a8c9",,SUPE_CORP_E,,,,,,,,0,,0,,0,,0,,0,,,,,,,,,,,"0",,"2cb2e7a046bf4f6fbcad23e000986f48",,,,,,,,admin,admin,2025-02-13 00:00:00.000,2025-02-13 00:00:00.000
2025-06-19 20:13:20.000,"7094f298d8924fb69101e7ca006ce151",,SUPE_CORP_E,,,,,,,,0,,0,,0,,0,,0,,,,,,,,,,,"0",,b9ca7dec6d3845bc9c87737863d57c6e,,,,,,,,admin,admin,2025-02-25 00:00:00.000,2025-02-25 00:00:00.000
2025-06-19 20:13:07.000,"0de89efba42c4101bd2f4b6887530de8",,SUPE_CORP_E,,,,,,,,0,,0,,0,,0,,0,,,,,,,,,,,"0",,"2e76fc4241904852b3c37107d54095c7",,,,,,,,admin,admin,2022-03-08 00:00:00.000,2022-03-08 00:00:00.000
2025-06-19 20:12:58.000,"7094fe3ec0ca4ce0840473933270d898",,SUPE_CORP_B,,,,,,,,0,,0,,0,,0,,0,,,,,,,,,,,"0",,"31c3f4fe1b104aad894b139e4a8ae78e",,,"{""danbanzuoyerenyuan"":""1"",""fenchenliang"":""50"",""fenchenzhonglei"":[""DUST_TYPE_26""],""ganshichuchenxitong"":""1"",""jindianji"":""0"",""mufenchenji"":""3"",""paoguangji"":"""",""pgssytj"":""0"",""pwpsj"":""0"",""qitazhonglei"":"""",""sfzyrs"":""8"",""shishichuchenxitong"":""0""}",,,,,admin,admin,2025-01-09 00:00:00.000,2025-01-09 00:00:00.000
2025-06-19 20:13:13.000,"0de8bf84145243afbcc1b0f49af61754",,SUPE_CORP_E,,,,,,,,0,,0,,0,,0,,0,,,,,,,,,,,"0",,"765589a1f3344ea48c1025348c7883ab",,,,,,,,admin,admin,2022-02-23 00:00:00.000,2022-02-23 00:00:00.000
2025-06-19 20:13:13.000,"709500ffb74d4b7ea71153fb5fab2bad",,SUPE_CORP_E,,,,,,,,0,,0,,0,,0,,0,,,,,,,,,,,"0",,"7f9f942838a145a0b7f742d7653f6899",,,,,,,,admin,admin,2022-03-11 00:00:00.000,2022-03-11 00:00:00.000
2025-06-19 20:13:25.000,"0de8ed12f0594f3e875a4ead10bba408",,SUPE_CORP_E,,,,,,,,0,,0,,0,,0,,0,,,,,,,,,,,"0",,fdb6bd18aac244c59de88ad052dd951c,,,,,,,,admin,admin,2024-02-29 00:00:00.000,2024-02-29 00:00:00.000
2025-06-19 20:13:13.000,"70950146bab64b09b882b02e78e0357a",,SUPE_CORP_E,,,,,,,,0,,0,,0,,0,,0,,,,,,,,,,,"0",,"794e08f180c348a38541dc1ac90e154a",,,,,,,,admin,admin,2024-03-08 00:00:00.000,2024-03-08 00:00:00.000
2025-06-19 20:13:06.000,"0de90bc2d4174466bab96a4792845cd8",,SUPE_CORP_E,,,,,,,,0,,0,,0,,0,,0,,,,,,,,,,,"0",,"20116334ed3940fd846f63f629779b99",,,,,,,,admin,admin,2024-01-19 00:00:00.000,2024-01-19 00:00:00.000
2025-06-19 20:13:01.000,"70951691d2e34f7f9db99ad1fa624eaa",,SUPE_CORP_C,,,,,,,"{""dianluList"":[{""typeNum"":"""",""typeSpec"":""""}],""gaoluList"":[{""typeNum"":"""",""typeSpec"":""""}],""meiqiList"":[{""typeNum"":"""",""typeSpec"":""""}],""zhuanluList"":[{""typeNum"":"""",""typeSpec"":""""}]}",0,,0,,0,,0,,0,,"{""gudingshiList"":[{""typeNum"":"""",""typeSpec"":""""}],""qidongshiList"":[{""typeNum"":"""",""typeSpec"":""""}]}",,,,,,"0","0","0","0",,"5548abf466d74c1da8667ccb0f317fca",,,,"{""chulishebeiList"":[],""ifzuoye"":""0"",""youxiankongjianNum"":""2""}",,,,admin,admin,2024-01-16 00:00:00.000,2024-01-16 00:00:00.000
2025-06-19 20:13:05.000,"0de92168eb72493c8a4fe3a8cc531196",,SUPE_CORP_E,,,,,,,,0,,0,,0,,0,,0,,,,,,,,,,,"0",,"10938b94eb2a430c8086ec17ce440da0",,,,,,,,admin,admin,2022-03-03 00:00:00.000,2022-03-03 00:00:00.000
2025-06-19 20:13:22.000,"0de942c7d956461e84412773d04c10ed",,SUPE_CORP_E,,,,,,,,0,,0,,0,,0,,0,,,,,,,,,,,"0",,caf6354996684180a6c0f3a836971d43,,,,,,,,admin,admin,2023-03-13 00:00:00.000,2023-03-13 00:00:00.000
2025-06-19 20:13:14.000,"44c27ffdb22846d3a8aa6fc9d2896c42",,SUPE_CORP_E,,,,,,,,0,,0,,0,,0,,0,,,,,,,,,,,"0",,"83a7e536a092404695445ba6fca7a28b",,,,,,,,admin,admin,2023-03-21 00:00:00.000,2023-03-21 00:00:00.000
2025-06-19 20:13:14.000,"44c2d17ae13842c0bf81acb6470e1978",,SUPE_CORP_E,,,,,,,,0,,0,,0,,0,,0,,,,,,,,,,,"0",,"892aff69ad5c4ce9873265706e3517c9",,,,,,,,admin,admin,2023-03-01 00:00:00.000,2023-03-01 00:00:00.000
2025-06-19 20:13:25.000,"44c32309f9fc4d1e88901d6417730b8d",,SUPE_CORP_E,,,,,,,,0,,0,,0,,0,,0,,,,,,,,,,,"0",,f405c78ea460427a9aca27eaa265d817,,,,,,,,admin,admin,2023-02-13 00:00:00.000,2023-02-13 00:00:00.000
2025-06-19 20:13:18.000,"44c37618145840bdb5d0ad21be54b9dd",,SUPE_CORP_E,,,,,,,,0,,0,,0,,0,,0,,,,,,,,,,,"0",,"95785c3aaed44626979827db8bb7433b",,,,,,,,admin,admin,2023-02-03 00:00:00.000,2023-02-03 00:00:00.000
2025-06-19 20:12:58.000,"44c3762cd621438ba41a46f64aa1b6dc",,SUPE_CORP_B,,,,,,,,0,,0,,0,,0,,0,,,,,,,,,,,"0",,b0bce88717334c48b47d3f8fc53ce97c,,,"{""danbanzuoyerenyuan"":""1"",""fenchenliang"":""2"",""fenchenzhonglei"":[""DUST_TYPE_32""],""ganshichuchenxitong"":""0"",""jindianji"":""0"",""mufenchenji"":""2"",""paoguangji"":"""",""pgssytj"":""0"",""pwpsj"":""0"",""qitazhonglei"":"""",""sfzyrs"":""2"",""shishichuchenxitong"":""4""}",,,,,admin,admin,2024-01-10 00:00:00.000,2024-01-10 00:00:00.000
2025-06-19 20:13:24.000,"44c3ae4774624a498a215cfc3b017757",,SUPE_CORP_E,,,,,,,,0,,0,,0,,0,,0,,,,,,,,,,,"0",,e5c5a20a12fb45ab98072f7db3f6fdcf,,,,,,,,admin,admin,2024-01-17 00:00:00.000,2024-01-17 00:00:00.000
2025-06-19 20:13:21.000,"44c409cdbe614edfaff153aa9c6d3f24",,SUPE_CORP_E,,,,,,,,0,,0,,0,,0,,0,,,,,,,,,,,"0",,c90a72ddbec84179ba11b40dc4efbcb6,,,,,,,,admin,admin,2025-01-16 00:00:00.000,2025-01-16 00:00:00.000
2025-06-19 20:13:31.000,"44c40da3070d4f5aaef71adb49efe0fa",,SUPE_CORP_H,,,,,,,,0,,0,,0,,0,,0,,,,,,,,,,,"0",,"12b316316b4546539b5a47849b05239d",,,,,,,"{""newWeihuaList"":[{""city"":""320500"",""county"":""320507"",""createTime"":1741333385000,""hazardousCount"":1,""hazardousDetailList"":[{""actualityPresence"":0.5,""cas"":""7440-37-1"",""chemicalName"":""氩[压缩的或液化的]"",""chemicalStatus"":""2"",""chemicalsKnowledge"":{""bh"":"""",""bzwx"":"""",""cczysx"":"""",""cjr"":"""",""czzysx"":"""",""fgxx"":"""",""fj"":"""",""flxx"":"""",""hjwh"":"""",""jkwh"":"""",""mbbh"":"""",""mc"":"""",""mhff"":"""",""orgId"":"""",""pfjc"":"""",""qrtj"":"""",""recorderId"":"""",""sfgz"":"""",""sfgzName"":"""",""sfwx"":"""",""sfyb"":"""",""sfybName"":"""",""sfyd"":"""",""sfydName"":"""",""sr"":"""",""whpbh"":"""",""wxtx"":"""",""wxxlb"":"""",""xgr"":"""",""xr"":"""",""yhrscw"":"""",""yjcl"":"""",""yjjc"":"""",""ywmc"":"""",""ywmc2"":"""",""ywxtbh"":""""},""createTime"":1741333385000,""criticalQuantity"":0,""dangerInfo"":"""",""id"":""8aae0732956f8cd501956f8ed0f0074f"",""isYazl"":"""",""purpose"":""5"",""reserves"":0,""storageType"":""3"",""storehouseType"":"""",""unitId"":""8aae0732956f8cd501956f8ed0ef074e"",""updateTime"":1741333385000,""yearUsage"":0}],""id"":""8aae0732956f8cd501956f8ed0ef074e"",""isYazl"":""0"",""province"":""320000"",""riskId"":""e58405dfc45048fa825f01e0f0a836c0"",""riskLevel"":""D"",""riskName"":""（100317）工业气体储存设施及其输送管线气体泄漏"",""sValue"":0,""seqNo"":1,""subdistrict"":""320507006"",""unitName"":""金属焊接区"",""updateTime"":1741333385000,""uuitNo"":""91320505MA1WF8A72P""},{""city"":""320500"",""county"":""320507"",""createTime"":1741333385000,""hazardousCount"":1,""hazardousDetailList"":[{""actualityPresence"":6,""cas"":""/"",""chemicalName"":""危废"",""chemicalStatus"":""1"",""chemicalsKnowledge"":{""bh"":"""",""bzwx"":"""",""cczysx"":"""",""cjr"":"""",""czzysx"":"""",""fgxx"":"""",""fj"":"""",""flxx"":"""",""hjwh"":"""",""jkwh"":"""",""mbbh"":"""",""mc"":"""",""mhff"":"""",""orgId"":"""",""pfjc"":"""",""qrtj"":"""",""recorderId"":"""",""sfgz"":"""",""sfgzName"":"""",""sfwx"":"""",""sfyb"":"""",""sfybName"":"""",""sfyd"":"""",""sfydName"":"""",""sr"":"""",""whpbh"":"""",""wxtx"":"""",""wxxlb"":"""",""xgr"":"""",""xr"":"""",""yhrscw"":"""",""yjcl"":"""",""yjjc"":"""",""ywmc"":"""",""ywmc2"":"""",""ywxtbh"":""""},""createTime"":1741333385000,""criticalQuantity"":0,""dangerInfo"":"""",""id"":""8aae0732956f8cd501956f8ed0f10751"",""isYazl"":"""",""purpose"":""100"",""reserves"":0,""storageType"":""3"",""storehouseType"":"""",""unitId"":""8aae0732956f8cd501956f8ed0f00750"",""updateTime"":1741333385000,""yearUsage"":0}],""id"":""8aae0732956f8cd501956f8ed0f00750"",""isYazl"":""0"",""province"":""320000"",""riskId"":""131b77ccc6fe4736b48fa767abe1508b"",""riskLevel"":""D"",""riskName"":""（100311）储存场所危险化学品泄漏"",""sValue"":0,""seqNo"":2,""subdistrict"":""320507006"",""unitName"":""危废库"",""updateTime"":1741333385000,""uuitNo"":""91320505MA1WF8A72P""}],""weihuaList"":[]}",admin,admin,2025-03-10 00:00:00.000,2025-03-10 00:00:00.000
2025-06-19 20:13:21.000,"44c482ea3edb4b54bc420e70eb629510",,SUPE_CORP_E,,,,,,,,0,,0,,0,,0,,0,,,,,,,,,,,"0",,c25768187edd4c77be29fab934ca2e78,,,,,,,,admin,admin,2022-02-11 00:00:00.000,2022-02-11 00:00:00.000
2025-06-19 20:13:24.000,"44c4beb66c06482c9839ad2cf9eb0675",,SUPE_CORP_E,,,,,,,,0,,0,,0,,0,,0,,,,,,,,,,,"0",,e959da52e08c43a0ba8476a122842763,,,,,,,,admin,admin,2023-02-03 00:00:00.000,2023-02-03 00:00:00.000
2025-06-19 20:13:12.000,"44c53e84c45840eca0b2dce7a39c3974",,SUPE_CORP_E,,,,,,,,0,,0,,0,,0,,0,,,,,,,,,,,"0",,"6d2dfa4c004b4f63bd9b645098edbf91",,,,,,,,admin,admin,2024-05-28 00:00:00.000,2024-05-28 00:00:00.000
2025-06-19 20:13:23.000,"44c567a28a994056bcbe129f5be99b5e",,SUPE_CORP_E,,,,,,,,0,,0,,0,,0,,0,,,,,,,,,,,"0",,d8a2683ae61d49ce8f6597cc585bb11e,,,,,,,,admin,admin,2024-01-12 00:00:00.000,2024-01-12 00:00:00.000
2025-06-19 20:13:03.000,"44c577c8d4e448cb9a69ee3931edcf3b",,SUPE_CORP_C,,,,,,,"{""dianluList"":[{""typeNum"":"""",""typeSpec"":""""}],""gaoluList"":[{""typeNum"":"""",""typeSpec"":""""}],""meiqiList"":[{""typeNum"":"""",""typeSpec"":""""}],""zhuanluList"":[{""typeNum"":"""",""typeSpec"":""""}]}",0,,0,,0,,,,0,,"{""gudingshiList"":[{""typeNum"":"""",""typeSpec"":""""}],""qidongshiList"":[{""typeNum"":"""",""typeSpec"":""""}]}",,,,,,,,,"0",,"3b5e28de8431455180210e3ac696adf3",,,,"{""chulishebeiList"":[{""unitOne"":""0"",""unitThree"":"""",""unitTwo"":""0""},{""unitOne"":""分条机地坑"",""unitThree"":"""",""unitTwo"":""1""}],""ifzuoye"":""1"",""youxiankongjianNum"":""1""}",,,,admin,admin,2022-01-21 00:00:00.000,2022-01-21 00:00:00.000
2025-06-19 20:13:10.000,"44c587ed10a343b1833a4733da9ca8ba",,SUPE_CORP_E,,,,,,,,0,,0,,0,,0,,0,,,,,,,,,,,"0",,"55c1c03b993f42cdad72089e452e5b07",,,,,,,,admin,admin,2024-06-26 00:00:00.000,2024-06-26 00:00:00.000
2025-06-19 20:12:57.000,"44c610c7172e4614b7e89bff59f6c5b3",,SUPE_CORP_B,,DUST_TYPE_39,,"1","0","2","{""dianluList"":[{""typeNum"":"""",""typeSpec"":""""}],""gaoluList"":[{""typeNum"":"""",""typeSpec"":""""}],""meiqiList"":[{""typeNum"":"""",""typeSpec"":""""}],""zhuanluList"":[{""typeNum"":"""",""typeSpec"":""""}]}",0,,0,,0,,0,,0,,"{""gudingshiList"":[{""typeNum"":"""",""typeSpec"":""""}],""qidongshiList"":[{""typeNum"":"""",""typeSpec"":""""}]}",,,,,,,,,"0",,"2392f441ac36416f889e5aeec49ab9dc",,,"{""danbanzuoyerenyuan"":""1"",""fenchenliang"":""100"",""fenchenzhonglei"":[""DUST_TYPE_32""],""ganshichuchenxitong"":""1"",""jindianji"":""1"",""mufenchenji"":""0"",""paoguangji"":""0"",""shishichuchenxitong"":""0""}",,,,,admin,admin,2022-01-24 00:00:00.000,2022-01-24 00:00:00.000
2025-06-19 20:13:05.000,"44c6485e51b24d08841b0023dab71c23",,SUPE_CORP_E,,,,,,,,0,,0,,0,,0,,0,,,,,,,,,,,"0",,"0b30269282fd4baab9d4fadff9ea0d7f",,,,,,,,admin,admin,2024-02-22 00:00:00.000,2024-02-22 00:00:00.000
2025-06-19 20:13:08.000,"44c653f9071649dd8c33760b717eed7b",,SUPE_CORP_E,,,,,,,,0,,0,,0,,0,,0,,,,,,,,,,,"0",,"3c0ca76bcec94d0c92e2ba35c82bae3b",,,,,,,,admin,admin,2025-02-12 00:00:00.000,2025-02-12 00:00:00.000
2025-06-19 20:12:58.000,"44c65b529b844ae4b50887f52e3679b6",,SUPE_CORP_B,,,,,,,,0,,0,,0,,0,,0,,,,,,,,,,,"0",,"73cd03321b264467b1c4b64c5f85a3e6",,,"{""danbanzuoyerenyuan"":""1"",""fenchenliang"":""56"",""fenchenzhonglei"":[""DUST_TYPE_32""],""ganshichuchenxitong"":""1"",""jindianji"":""1"",""mufenchenji"":""0"",""paoguangji"":"""",""pgssytj"":""1"",""pwpsj"":""1"",""qitazhonglei"":"""",""sfzyrs"":""2"",""shishichuchenxitong"":""0""}",,,,,admin,admin,2025-02-10 00:00:00.000,2025-02-10 00:00:00.000
2025-06-19 20:13:31.000,"44c6a603b72840688ead1a8403e88d23",,SUPE_CORP_H,,,,,,,"{""dianluList"":[{""typeNum"":"""",""typeSpec"":""""}],""gaoluList"":[{""typeNum"":"""",""typeSpec"":""""}],""meiqiList"":[{""typeNum"":"""",""typeSpec"":""""}],""zhuanluList"":[{""typeNum"":"""",""typeSpec"":""""}]}",0,,0,,0,,0,,0,,"{""gudingshiList"":[{""typeNum"":"""",""typeSpec"":""""}],""qidongshiList"":[{""typeNum"":"""",""typeSpec"":""""}]}",,,,,,,,,"0",,fde1cd54ae034ec5b6c3f17c9f7c1a47,,,,,,,"{""weihuaList"":[{""anzhilengList"":[],""anzhilengNum"":"""",""casma"":""——"",""cunchufangshi"":[""1""],""ifanzhileng"":""0"",""nianshiyongliang"":""10000"",""weihuaName"":""洗网水"",""weihuaState"":""0"",""weihuachuliang"":""500"",""weihuayongtu"":[""100""],""weixianxing"":""易燃易爆""},{""anzhilengList"":[],""anzhilengNum"":"""",""casma"":""——"",""cunchufangshi"":[""1""],""ifanzhileng"":""0"",""nianshiyongliang"":""10000"",""weihuaName"":""油墨"",""weihuaState"":""0"",""weihuachuliang"":""500"",""weihuayongtu"":[""100""],""weixianxing"":""易燃易爆""}]}",admin,admin,2023-01-17 00:00:00.000,2023-01-17 00:00:00.000
2025-06-19 20:13:33.000,"44c6d17b458a47f5a2eadee561ed7379",,SUPE_CORP_H,,,,,,,,0,,0,,0,,0,,0,,,,,,,,,,,"0",,cec5b5c44637478bb97a50ac5ab95eb6,,,,,,,"{""newWeihuaList"":[{""city"":""320500"",""county"":""320582"",""createTime"":1740544791000,""hazardousCount"":5,""hazardousDetailList"":[{""actualityPresence"":1,""cas"":""7775-14-6"",""chemicalName"":""连二亚硫酸钠"",""chemicalStatus"":""1"",""chemicalsKnowledge"":{""bh"":"""",""bzwx"":"""",""cczysx"":"""",""cjr"":"""",""czzysx"":"""",""fgxx"":"""",""fj"":"""",""flxx"":"""",""hjwh"":"""",""jkwh"":"""",""mbbh"":"""",""mc"":"""",""mhff"":"""",""orgId"":"""",""pfjc"":"""",""qrtj"":"""",""recorderId"":"""",""sfgz"":"""",""sfgzName"":"""",""sfwx"":"""",""sfyb"":"""",""sfybName"":"""",""sfyd"":"""",""sfydName"":"""",""sr"":"""",""whpbh"":"""",""wxtx"":"""",""wxxlb"":"""",""xgr"":"""",""xr"":"""",""yhrscw"":"""",""yjcl"":"""",""yjjc"":"""",""ywmc"":"""",""ywmc2"":"""",""ywxtbh"":""""},""createTime"":1740544791000,""criticalQuantity"":0,""dangerInfo"":""甲类"",""id"":""8aae073b9535ab810195408dd3c80d9b"",""isYazl"":""0"",""purpose"":""1,4"",""reserves"":1,""storageType"":""1,3,4"",""storehouseType"":""1"",""unitId"":""8aae073b9535ab810195408dd3c70d9a"",""updateTime"":1740544791000,""yearUsage"":0},{""actualityPresence"":1,""cas"":""64-19-7"",""chemicalName"":""乙酸溶液[10%＜含量≤80%]"",""chemicalStatus"":""0"",""chemicalsKnowledge"":{""bh"":"""",""bzwx"":"""",""cczysx"":"""",""cjr"":"""",""czzysx"":"""",""fgxx"":"""",""fj"":"""",""flxx"":"""",""hjwh"":"""",""jkwh"":"""",""mbbh"":"""",""mc"":"""",""mhff"":"""",""orgId"":"""",""pfjc"":"""",""qrtj"":"""",""recorderId"":"""",""sfgz"":"""",""sfgzName"":"""",""sfwx"":"""",""sfyb"":"""",""sfybName"":"""",""sfyd"":"""",""sfydName"":"""",""sr"":"""",""whpbh"":"""",""wxtx"":"""",""wxxlb"":"""",""xgr"":"""",""xr"":"""",""yhrscw"":"""",""yjcl"":"""",""yjjc"":"""",""ywmc"":"""",""ywmc2"":"""",""ywxtbh"":""""},""createTime"":1740544791000,""criticalQuantity"":0,""dangerInfo"":""乙类"",""id"":""8aae073b9535ab810195408dd3c90d9c"",""isYazl"":""0"",""purpose"":""1,4"",""reserves"":2,""storageType"":""1"",""storehouseType"":""1"",""unitId"":""8aae073b9535ab810195408dd3c70d9a"",""updateTime"":1740544791000,""yearUsage"":0},{""actualityPresence"":1,""cas"":""7722-84-1"",""chemicalName"":""过氧化氢溶液[含量＞8%]"",""chemicalStatus"":""0"",""chemicalsKnowledge"":{""bh"":"""",""bzwx"":"""",""cczysx"":"""",""cjr"":"""",""czzysx"":"""",""fgxx"":"""",""fj"":"""",""flxx"":"""",""hjwh"":"""",""jkwh"":"""",""mbbh"":"""",""mc"":"""",""mhff"":"""",""orgId"":"""",""pfjc"":"""",""qrtj"":"""",""recorderId"":"""",""sfgz"":"""",""sfgzName"":"""",""sfwx"":"""",""sfyb"":"""",""sfybName"":"""",""sfyd"":"""",""sfydName"":"""",""sr"":"""",""whpbh"":"""",""wxtx"":"""",""wxxlb"":"""",""xgr"":"""",""xr"":"""",""yhrscw"":"""",""yjcl"":"""",""yjjc"":"""",""ywmc"":"""",""ywmc2"":"""",""ywxtbh"":""""},""createTime"":1740544791000,""criticalQuantity"":50,""dangerInfo"":""甲类"",""id"":""8aae073b9535ab810195408dd3ca0d9d"",""isYazl"":""0"",""purpose"":""1,4"",""reserves"":2,""storageType"":""1"",""storehouseType"":""1"",""unitId"":""8aae073b9535ab810195408dd3c70d9a"",""updateTime"":1740544791000,""yearUsage"":0},{""actualityPresence"":1,""cas"":""7722-64-7"",""chemicalName"":""高锰酸钾"",""chemicalStatus"":""1"",""chemicalsKnowledge"":{""bh"":"""",""bzwx"":"""",""cczysx"":"""",""cjr"":"""",""czzysx"":"""",""fgxx"":"""",""fj"":"""",""flxx"":"""",""hjwh"":"""",""jkwh"":"""",""mbbh"":"""",""mc"":"""",""mhff"":"""",""orgId"":"""",""pfjc"":"""",""qrtj"":"""",""recorderId"":"""",""sfgz"":"""",""sfgzName"":"""",""sfwx"":"""",""sfyb"":"""",""sfybName"":"""",""sfyd"":"""",""sfydName"":"""",""sr"":"""",""whpbh"":"""",""wxtx"":"""",""wxxlb"":"""",""xgr"":"""",""xr"":"""",""yhrscw"":"""",""yjcl"":"""",""yjjc"":"""",""ywmc"":"""",""ywmc2"":"""",""ywxtbh"":""""},""createTime"":1740544791000,""criticalQuantity"":200,""dangerInfo"":""甲类"",""id"":""8aae073b9535ab810195408dd3cc0d9e"",""isYazl"":""0"",""purpose"":""1,4"",""reserves"":1,""storageType"":""1"",""storehouseType"":""1"",""unitId"":""8aae073b9535ab810195408dd3c70d9a"",""updateTime"":1740544791000,""yearUsage"":0},{""actualityPresence"":1,""cas"":""1310-73-2"",""chemicalName"":""氢氧化钠溶液[含量≥30%]"",""chemicalStatus"":""0"",""chemicalsKnowledge"":{""bh"":"""",""bzwx"":"""",""cczysx"":"""",""cjr"":"""",""czzysx"":"""",""fgxx"":"""",""fj"":"""",""flxx"":"""",""hjwh"":"""",""jkwh"":"""",""mbbh"":"""",""mc"":"""",""mhff"":"""",""orgId"":"""",""pfjc"":"""",""qrtj"":"""",""recorderId"":"""",""sfgz"":"""",""sfgzName"":"""",""sfwx"":"""",""sfyb"":"""",""sfybName"":"""",""sfyd"":"""",""sfydName"":"""",""sr"":"""",""whpbh"":"""",""wxtx"":"""",""wxxlb"":"""",""xgr"":"""",""xr"":"""",""yhrscw"":"""",""yjcl"":"""",""yjjc"":"""",""ywmc"":"""",""ywmc2"":"""",""ywxtbh"":""""},""createTime"":1740544791000,""criticalQuantity"":0,""dangerInfo"":""戊类"",""id"":""8aae073b9535ab810195408dd3cd0d9f"",""isYazl"":""0"",""purpose"":""1"",""reserves"":38,""storageType"":""2"",""storehouseType"":"""",""unitId"":""8aae073b9535ab810195408dd3c70d9a"",""updateTime"":1740544791000,""yearUsage"":0}],""id"":""8aae073b9535ab810195408dd3c70d9a"",""isYazl"":""0"",""province"":""320000"",""riskId"":""e58b79db2a8622f3bdbffdaa803de669"",""riskLevel"":""C"",""riskName"":""（100309）储存场所易燃、可燃、有毒物料泄漏、燃烧"",""sValue"":0.03,""seqNo"":1,""subdistrict"":""320582105"",""unitName"":""保险粉"",""updateTime"":1740544791000,""uuitNo"":""913205827406707637""}],""weihuaList"":[]}",admin,admin,2025-02-26 00:00:00.000,2025-02-26 00:00:00.000
2025-06-19 20:13:05.000,"44c76d6c83704a499a225861f78d5d9c",,SUPE_CORP_E,,,,,,,,0,,0,,0,,0,,0,,,,,,,,,,,"0",,"0c5d99e75b1547db8ad9476a19f13814",,,,,,,,admin,admin,2022-01-07 00:00:00.000,2022-01-07 00:00:00.000
2025-06-19 20:12:58.000,"70979fd37ede4128946f5d137ce9549d",,SUPE_CORP_B,,,,,,,,0,,0,,0,,0,,0,,,,,,,,,,,"0",,b725a915e26f4ce6896df238fac1a514,,,"{""danbanzuoyerenyuan"":""1"",""fenchenliang"":""10"",""fenchenzhonglei"":[""DUST_TYPE_39""],""ganshichuchenxitong"":""1"",""jindianji"":""1"",""mufenchenji"":""0"",""paoguangji"":"""",""pgssytj"":""0"",""pwpsj"":""0"",""qitazhonglei"":"""",""sfzyrs"":""2"",""shishichuchenxitong"":""0""}",,,,,admin,admin,2023-01-30 00:00:00.000,2023-01-30 00:00:00.000
2025-06-19 20:13:17.000,"7097f03d87694d7aa059eef10028928c",,SUPE_CORP_E,,,,,,,,0,,0,,0,,0,,0,,,,,,,,,,,"0",,"8b20bb5ddd42441db8a8cbab9a898796",,,,,,,,admin,admin,2022-01-18 00:00:00.000,2022-01-18 00:00:00.000
2025-06-19 20:13:33.000,"70980a0a565644d4b60501ac0abe8da8",,SUPE_CORP_H,,,,,,,,0,,0,,0,,0,,0,,,,,,,,,,,"0",,e2fcb8827cde46e18fc0bc613ed7532a,,,,,,,"{""newWeihuaList"":[{""city"":""320500"",""county"":""320571"",""createTime"":1736490447000,""hazardousCount"":1,""hazardousDetailList"":[{""actualityPresence"":0.01,""cas"":""13967-50-5"",""chemicalName"":""氰化亚金钾"",""chemicalStatus"":""1"",""chemicalsKnowledge"":{""bh"":"""",""bzwx"":"""",""cczysx"":"""",""cjr"":"""",""czzysx"":"""",""fgxx"":"""",""fj"":"""",""flxx"":"""",""hjwh"":"""",""jkwh"":"""",""mbbh"":"""",""mc"":"""",""mhff"":"""",""orgId"":"""",""pfjc"":"""",""qrtj"":"""",""recorderId"":"""",""sfgz"":"""",""sfgzName"":"""",""sfwx"":"""",""sfyb"":"""",""sfybName"":"""",""sfyd"":"""",""sfydName"":"""",""sr"":"""",""whpbh"":"""",""wxtx"":"""",""wxxlb"":"""",""xgr"":"""",""xr"":"""",""yhrscw"":"""",""yjcl"":"""",""yjjc"":"""",""ywmc"":"""",""ywmc2"":"""",""ywxtbh"":""""},""createTime"":1736490447000,""criticalQuantity"":500,""dangerInfo"":"""",""id"":""8aae07329449223101944ee56f867c12"",""isYazl"":"""",""purpose"":""1"",""reserves"":0,""storageType"":""1"",""storehouseType"":""3"",""unitId"":""8aae07329449223101944ee56f857c11"",""updateTime"":1736490447000,""yearUsage"":0}],""id"":""8aae07329449223101944ee56f857c11"",""isYazl"":""0"",""province"":""320000"",""riskId"":""ee706af508d441c1bcab6d751bc3a929"",""riskLevel"":""D"",""riskName"":""（100715）（热处理与电镀）自动电镀线、电镀槽作业区化学品泄漏、挥发"",""sValue"":0,""seqNo"":1,""subdistrict"":""320571490"",""unitName"":""电镀"",""updateTime"":1736490447000,""uuitNo"":""91320594762849748G""},{""city"":""320500"",""county"":""320571"",""createTime"":1736490447000,""hazardousCount"":1,""hazardousDetailList"":[{""actualityPresence"":10,""cas"":""/"",""chemicalName"":""柴油"",""chemicalStatus"":""0"",""chemicalsKnowledge"":{""bh"":"""",""bzwx"":"""",""cczysx"":"""",""cjr"":"""",""czzysx"":"""",""fgxx"":"""",""fj"":"""",""flxx"":"""",""hjwh"":"""",""jkwh"":"""",""mbbh"":"""",""mc"":"""",""mhff"":"""",""orgId"":"""",""pfjc"":"""",""qrtj"":"""",""recorderId"":"""",""sfgz"":"""",""sfgzName"":"""",""sfwx"":"""",""sfyb"":"""",""sfybName"":"""",""sfyd"":"""",""sfydName"":"""",""sr"":"""",""whpbh"":"""",""wxtx"":"""",""wxxlb"":"""",""xgr"":"""",""xr"":"""",""yhrscw"":"""",""yjcl"":"""",""yjjc"":"""",""ywmc"":"""",""ywmc2"":"""",""ywxtbh"":""""},""createTime"":1736490447000,""criticalQuantity"":5000,""dangerInfo"":"""",""id"":""8aae07329449223101944ee56f897c14"",""isYazl"":"""",""purpose"":""1"",""reserves"":0,""storageType"":""2"",""storehouseType"":"""",""unitId"":""8aae07329449223101944ee56f887c13"",""updateTime"":1736490447000,""yearUsage"":0}],""id"":""8aae07329449223101944ee56f887c13"",""isYazl"":""0"",""province"":""320000"",""riskId"":""9f7395dc799d4c4bb65c5fd632bb94b8"",""riskLevel"":""D"",""riskName"":""（100311）储存场所危险化学品泄漏"",""sValue"":0,""seqNo"":2,""subdistrict"":""320571490"",""unitName"":""地下油槽"",""updateTime"":1736490447000,""uuitNo"":""91320594762849748G""},{""city"":""320500"",""county"":""320571"",""createTime"":1736490447000,""hazardousCount"":1,""hazardousDetailList"":[{""actualityPresence"":15,""cas"":""/"",""chemicalName"":""柴油"",""chemicalStatus"":""0"",""chemicalsKnowledge"":{""bh"":"""",""bzwx"":"""",""cczysx"":"""",""cjr"":"""",""czzysx"":"""",""fgxx"":"""",""fj"":"""",""flxx"":"""",""hjwh"":"""",""jkwh"":"""",""mbbh"":"""",""mc"":"""",""mhff"":"""",""orgId"":"""",""pfjc"":"""",""qrtj"":"""",""recorderId"":"""",""sfgz"":"""",""sfgzName"":"""",""sfwx"":"""",""sfyb"":"""",""sfybName"":"""",""sfyd"":"""",""sfydName"":"""",""sr"":"""",""whpbh"":"""",""wxtx"":"""",""wxxlb"":"""",""xgr"":"""",""xr"":"""",""yhrscw"":"""",""yjcl"":"""",""yjjc"":"""",""ywmc"":"""",""ywmc2"":"""",""ywxtbh"":""""},""createTime"":1736490447000,""criticalQuantity"":5000,""dangerInfo"":"""",""id"":""8aae07329449223101944ee56f8c7c16"",""isYazl"":"""",""purpose"":""1"",""reserves"":0,""storageType"":""2"",""storehouseType"":"""",""unitId"":""8aae07329449223101944ee56f8b7c15"",""updateTime"":1736490447000,""yearUsage"":0}],""id"":""8aae07329449223101944ee56f8b7c15"",""isYazl"":""0"",""province"":""320000"",""riskId"":""d71772efbb8840ab8b7f136284260fb1"",""riskLevel"":""D"",""riskName"":""（100311）储存场所危险化学品泄漏"",""sValue"":0,""seqNo"":3,""subdistrict"":""320571490"",""unitName"":""Fab2油槽"",""updateTime"":1736490447000,""uuitNo"":""91320594762849748G""},{""city"":""320500"",""county"":""320571"",""createTime"":1736490447000,""hazardousCount"":7,""hazardousDetailList"":[{""actualityPresence"":0.6,""cas"":""67-64-1"",""chemicalName"":""丙酮"",""chemicalStatus"":""0"",""chemicalsKnowledge"":{""bh"":"""",""bzwx"":"""",""cczysx"":"""",""cjr"":"""",""czzysx"":"""",""fgxx"":"""",""fj"":"""",""flxx"":"""",""hjwh"":"""",""jkwh"":"""",""mbbh"":"""",""mc"":"""",""mhff"":"""",""orgId"":"""",""pfjc"":"""",""qrtj"":"""",""recorderId"":"""",""sfgz"":"""",""sfgzName"":"""",""sfwx"":"""",""sfyb"":"""",""sfybName"":"""",""sfyd"":"""",""sfydName"":"""",""sr"":"""",""whpbh"":"""",""wxtx"":"""",""wxxlb"":"""",""xgr"":"""",""xr"":"""",""yhrscw"":"""",""yjcl"":"""",""yjjc"":"""",""ywmc"":"""",""ywmc2"":"""",""ywxtbh"":""""},""createTime"":1736490447000,""criticalQuantity"":500,""dangerInfo"":"""",""id"":""8aae07329449223101944ee56f927c18"",""isYazl"":"""",""purpose"":""1"",""reserves"":0,""storageType"":""1"",""storehouseType"":""1"",""unitId"":""8aae07329449223101944ee56f907c17"",""updateTime"":1736490447000,""yearUsage"":0},{""actualityPresence"":0.5,""cas"":""64-17-5"",""chemicalName"":""乙醇[无水]"",""chemicalStatus"":""0"",""chemicalsKnowledge"":{""bh"":"""",""bzwx"":"""",""cczysx"":"""",""cjr"":"""",""czzysx"":"""",""fgxx"":"""",""fj"":"""",""flxx"":"""",""hjwh"":"""",""jkwh"":"""",""mbbh"":"""",""mc"":"""",""mhff"":"""",""orgId"":"""",""pfjc"":"""",""qrtj"":"""",""recorderId"":"""",""sfgz"":"""",""sfgzName"":"""",""sfwx"":"""",""sfyb"":"""",""sfybName"":"""",""sfyd"":"""",""sfydName"":"""",""sr"":"""",""whpbh"":"""",""wxtx"":"""",""wxxlb"":"""",""xgr"":"""",""xr"":"""",""yhrscw"":"""",""yjcl"":"""",""yjjc"":"""",""ywmc"":"""",""ywmc2"":"""",""ywxtbh"":""""},""createTime"":1736490447000,""criticalQuantity"":500,""dangerInfo"":"""",""id"":""8aae07329449223101944ee56f947c19"",""isYazl"":"""",""purpose"":""1"",""reserves"":0,""storageType"":""1"",""storehouseType"":""1"",""unitId"":""8aae07329449223101944ee56f907c17"",""updateTime"":1736490447000,""yearUsage"":0},{""actualityPresence"":1.4,""cas"":""7722-84-1"",""chemicalName"":""过氧化氢溶液[8%≤含量＜60%，200；]"",""chemicalStatus"":""0"",""chemicalsKnowledge"":{""bh"":"""",""bzwx"":"""",""cczysx"":"""",""cjr"":"""",""czzysx"":"""",""fgxx"":"""",""fj"":"""",""flxx"":"""",""hjwh"":"""",""jkwh"":"""",""mbbh"":"""",""mc"":"""",""mhff"":"""",""orgId"":"""",""pfjc"":"""",""qrtj"":"""",""recorderId"":"""",""sfgz"":"""",""sfgzName"":"""",""sfwx"":"""",""sfyb"":"""",""sfybName"":"""",""sfyd"":"""",""sfydName"":"""",""sr"":"""",""whpbh"":"""",""wxtx"":"""",""wxxlb"":"""",""xgr"":"""",""xr"":"""",""yhrscw"":"""",""yjcl"":"""",""yjjc"":"""",""ywmc"":"""",""ywmc2"":"""",""ywxtbh"":""""},""createTime"":1736490447000,""criticalQuantity"":200,""dangerInfo"":"""",""id"":""8aae07329449223101944ee56f957c1a"",""isYazl"":"""",""purpose"":""1"",""reserves"":0,""storageType"":""1"",""storehouseType"":""1"",""unitId"":""8aae07329449223101944ee56f907c17"",""updateTime"":1736490447000,""yearUsage"":0},{""actualityPresence"":1.2,""cas"":""7697-37-2"",""chemicalName"":""硝酸"",""chemicalStatus"":""0"",""chemicalsKnowledge"":{""bh"":"""",""bzwx"":"""",""cczysx"":"""",""cjr"":"""",""czzysx"":"""",""fgxx"":"""",""fj"":"""",""flxx"":"""",""hjwh"":"""",""jkwh"":"""",""mbbh"":"""",""mc"":"""",""mhff"":"""",""orgId"":"""",""pfjc"":"""",""qrtj"":"""",""recorderId"":"""",""sfgz"":"""",""sfgzName"":"""",""sfwx"":"""",""sfyb"":"""",""sfybName"":"""",""sfyd"":"""",""sfydName"":"""",""sr"":"""",""whpbh"":"""",""wxtx"":"""",""wxxlb"":"""",""xgr"":"""",""xr"":"""",""yhrscw"":"""",""yjcl"":"""",""yjjc"":"""",""ywmc"":"""",""ywmc2"":"""",""ywxtbh"":""""},""createTime"":1736490447000,""criticalQuantity"":200,""dangerInfo"":"""",""id"":""8aae07329449223101944ee56f967c1b"",""isYazl"":"""",""purpose"":""1"",""reserves"":0,""storageType"":""1"",""storehouseType"":""1"",""unitId"":""8aae07329449223101944ee56f907c17"",""updateTime"":1736490447000,""yearUsage"":0},{""actualityPresence"":0.02,""cas"":""52583-42-3"",""chemicalName"":""发烟硝酸"",""chemicalStatus"":""0"",""chemicalsKnowledge"":{""bh"":"""",""bzwx"":"""",""cczysx"":"""",""cjr"":"""",""czzysx"":"""",""fgxx"":"""",""fj"":"""",""flxx"":"""",""hjwh"":"""",""jkwh"":"""",""mbbh"":"""",""mc"":"""",""mhff"":"""",""orgId"":"""",""pfjc"":"""",""qrtj"":"""",""recorderId"":"""",""sfgz"":"""",""sfgzName"":"""",""sfwx"":"""",""sfyb"":"""",""sfybName"":"""",""sfyd"":"""",""sfydName"":"""",""sr"":"""",""whpbh"":"""",""wxtx"":"""",""wxxlb"":"""",""xgr"":"""",""xr"":"""",""yhrscw"":"""",""yjcl"":"""",""yjjc"":"""",""ywmc"":"""",""ywmc2"":"""",""ywxtbh"":""""},""createTime"":1736490447000,""criticalQuantity"":20,""dangerInfo"":"""",""id"":""8aae07329449223101944ee56f997c1c"",""isYazl"":"""",""purpose"":""2"",""reserves"":0,""storageType"":""1"",""storehouseType"":""1"",""unitId"":""8aae07329449223101944ee56f907c17"",""updateTime"":1736490447000,""yearUsage"":0},{""actualityPresence"":0.6,""cas"":""7647-01-0"",""chemicalName"":""盐酸"",""chemicalStatus"":""0"",""chemicalsKnowledge"":{""bh"":"""",""bzwx"":"""",""cczysx"":"""",""cjr"":"""",""czzysx"":"""",""fgxx"":"""",""fj"":"""",""flxx"":"""",""hjwh"":"""",""jkwh"":"""",""mbbh"":"""",""mc"":"""",""mhff"":"""",""orgId"":"""",""pfjc"":"""",""qrtj"":"""",""recorderId"":"""",""sfgz"":"""",""sfgzName"":"""",""sfwx"":"""",""sfyb"":"""",""sfybName"":"""",""sfyd"":"""",""sfydName"":"""",""sr"":"""",""whpbh"":"""",""wxtx"":"""",""wxxlb"":"""",""xgr"":"""",""xr"":"""",""yhrscw"":"""",""yjcl"":"""",""yjjc"":"""",""ywmc"":"""",""ywmc2"":"""",""ywxtbh"":""""},""createTime"":1736490447000,""criticalQuantity"":0,""dangerInfo"":"""",""id"":""8aae07329449223101944ee56f9a7c1d"",""isYazl"":"""",""purpose"":""1"",""reserves"":0,""storageType"":""1"",""storehouseType"":""1"",""unitId"":""8aae07329449223101944ee56f907c17"",""updateTime"":1736490447000,""yearUsage"":0},{""actualityPresence"":0.4,""cas"":""7664-93-9"",""chemicalName"":""硫酸"",""chemicalStatus"":""0"",""chemicalsKnowledge"":{""bh"":"""",""bzwx"":"""",""cczysx"":"""",""cjr"":"""",""czzysx"":"""",""fgxx"":"""",""fj"":"""",""flxx"":"""",""hjwh"":"""",""jkwh"":"""",""mbbh"":"""",""mc"":"""",""mhff"":"""",""orgId"":"""",""pfjc"":"""",""qrtj"":"""",""recorderId"":"""",""sfgz"":"""",""sfgzName"":"""",""sfwx"":"""",""sfyb"":"""",""sfybName"":"""",""sfyd"":"""",""sfydName"":"""",""sr"":"""",""whpbh"":"""",""wxtx"":"""",""wxxlb"":"""",""xgr"":"""",""xr"":"""",""yhrscw"":"""",""yjcl"":"""",""yjjc"":"""",""ywmc"":"""",""ywmc2"":"""",""ywxtbh"":""""},""createTime"":1736490447000,""criticalQuantity"":0,""dangerInfo"":"""",""id"":""8aae07329449223101944ee56f9c7c1e"",""isYazl"":"""",""purpose"":""1"",""reserves"":0,""storageType"":""1"",""storehouseType"":""1"",""unitId"":""8aae07329449223101944ee56f907c17"",""updateTime"":1736490447000,""yearUsage"":0}],""id"":""8aae07329449223101944ee56f907c17"",""isYazl"":""0"",""province"":""320000"",""riskId"":""a0dfaa6d7e7e45c6b86f2f988e1bf111"",""riskLevel"":""C"",""riskName"":""（100311）储存场所危险化学品泄漏"",""sValue"":0.02,""seqNo"":4,""subdistrict"":""320571490"",""unitName"":""化学品仓库"",""updateTime"":1736490447000,""uuitNo"":""91320594762849748G""},{""city"":""320500"",""county"":""320571"",""createTime"":1736490447000,""hazardousCount"":1,""hazardousDetailList"":[{""actualityPresence"":0.5,""cas"":""67-64-1"",""chemicalName"":""丙酮"",""chemicalStatus"":""0"",""chemicalsKnowledge"":{""bh"":"""",""bzwx"":"""",""cczysx"":"""",""cjr"":"""",""czzysx"":"""",""fgxx"":"""",""fj"":"""",""flxx"":"""",""hjwh"":"""",""jkwh"":"""",""mbbh"":"""",""mc"":"""",""mhff"":"""",""orgId"":"""",""pfjc"":"""",""qrtj"":"""",""recorderId"":"""",""sfgz"":"""",""sfgzName"":"""",""sfwx"":"""",""sfyb"":"""",""sfybName"":"""",""sfyd"":"""",""sfydName"":"""",""sr"":"""",""whpbh"":"""",""wxtx"":"""",""wxxlb"":"""",""xgr"":"""",""xr"":"""",""yhrscw"":"""",""yjcl"":"""",""yjjc"":"""",""ywmc"":"""",""ywmc2"":"""",""ywxtbh"":""""},""createTime"":1736490447000,""criticalQuantity"":500,""dangerInfo"":"""",""id"":""8aae07329449223101944ee56f9e7c20"",""isYazl"":"""",""purpose"":""4"",""reserves"":0,""storageType"":""1"",""storehouseType"":""1"",""unitId"":""8aae07329449223101944ee56f9d7c1f"",""updateTime"":1736490447000,""yearUsage"":0}],""id"":""8aae07329449223101944ee56f9d7c1f"",""isYazl"":""0"",""province"":""320000"",""riskId"":""099744ccc31d45fc89f35409b4f3b14a"",""riskLevel"":""D"",""riskName"":""（100311）储存场所危险化学品泄漏"",""sValue"":0,""seqNo"":5,""subdistrict"":""320571490"",""unitName"":""丙酮"",""updateTime"":1736490447000,""uuitNo"":""91320594762849748G""},{""city"":""320500"",""county"":""320571"",""createTime"":1736490447000,""hazardousCount"":3,""hazardousDetailList"":[{""actualityPresence"":6,""cas"":""7705-08-0"",""chemicalName"":""三氯化铁溶液"",""chemicalStatus"":""0"",""chemicalsKnowledge"":{""bh"":"""",""bzwx"":"""",""cczysx"":"""",""cjr"":"""",""czzysx"":"""",""fgxx"":"""",""fj"":"""",""flxx"":"""",""hjwh"":"""",""jkwh"":"""",""mbbh"":"""",""mc"":"""",""mhff"":"""",""orgId"":"""",""pfjc"":"""",""qrtj"":"""",""recorderId"":"""",""sfgz"":"""",""sfgzName"":"""",""sfwx"":"""",""sfyb"":"""",""sfybName"":"""",""sfyd"":"""",""sfydName"":"""",""sr"":"""",""whpbh"":"""",""wxtx"":"""",""wxxlb"":"""",""xgr"":"""",""xr"":"""",""yhrscw"":"""",""yjcl"":"""",""yjjc"":"""",""ywmc"":"""",""ywmc2"":"""",""ywxtbh"":""""},""createTime"":1736490447000,""criticalQuantity"":0,""dangerInfo"":"""",""id"":""8aae07329449223101944ee56fa17c22"",""isYazl"":"""",""purpose"":""4"",""reserves"":0,""storageType"":""2"",""storehouseType"":"""",""unitId"":""8aae07329449223101944ee56fa07c21"",""updateTime"":1736490447000,""yearUsage"":0},{""actualityPresence"":6,""cas"":""1310-73-2"",""chemicalName"":""氢氧化钠溶液[含量≥30%]"",""chemicalStatus"":""0"",""chemicalsKnowledge"":{""bh"":"""",""bzwx"":"""",""cczysx"":"""",""cjr"":"""",""czzysx"":"""",""fgxx"":"""",""fj"":"""",""flxx"":"""",""hjwh"":"""",""jkwh"":"""",""mbbh"":"""",""mc"":"""",""mhff"":"""",""orgId"":"""",""pfjc"":"""",""qrtj"":"""",""recorderId"":"""",""sfgz"":"""",""sfgzName"":"""",""sfwx"":"""",""sfyb"":"""",""sfybName"":"""",""sfyd"":"""",""sfydName"":"""",""sr"":"""",""whpbh"":"""",""wxtx"":"""",""wxxlb"":"""",""xgr"":"""",""xr"":"""",""yhrscw"":"""",""yjcl"":"""",""yjjc"":"""",""ywmc"":"""",""ywmc2"":"""",""ywxtbh"":""""},""createTime"":1736490447000,""criticalQuantity"":0,""dangerInfo"":"""",""id"":""8aae07329449223101944ee56fa27c23"",""isYazl"":"""",""purpose"":""4"",""reserves"":0,""storageType"":""2"",""storehouseType"":"""",""unitId"":""8aae07329449223101944ee56fa07c21"",""updateTime"":1736490447000,""yearUsage"":0},{""actualityPresence"":6,""cas"":""7664-93-9"",""chemicalName"":""硫酸"",""chemicalStatus"":""0"",""chemicalsKnowledge"":{""bh"":"""",""bzwx"":"""",""cczysx"":"""",""cjr"":"""",""czzysx"":"""",""fgxx"":"""",""fj"":"""",""flxx"":"""",""hjwh"":"""",""jkwh"":"""",""mbbh"":"""",""mc"":"""",""mhff"":"""",""orgId"":"""",""pfjc"":"""",""qrtj"":"""",""recorderId"":"""",""sfgz"":"""",""sfgzName"":"""",""sfwx"":"""",""sfyb"":"""",""sfybName"":"""",""sfyd"":"""",""sfydName"":"""",""sr"":"""",""whpbh"":"""",""wxtx"":"""",""wxxlb"":"""",""xgr"":"""",""xr"":"""",""yhrscw"":"""",""yjcl"":"""",""yjjc"":"""",""ywmc"":"""",""ywmc2"":"""",""ywxtbh"":""""},""createTime"":1736490447000,""criticalQuantity"":0,""dangerInfo"":"""",""id"":""8aae07329449223101944ee56fa37c24"",""isYazl"":"""",""purpose"":""4"",""reserves"":0,""storageType"":""2"",""storehouseType"":"""",""unitId"":""8aae07329449223101944ee56fa07c21"",""updateTime"":1736490447000,""yearUsage"":0}],""id"":""8aae07329449223101944ee56fa07c21"",""isYazl"":""0"",""province"":""320000"",""riskId"":""2fbba81b4d414903932e55d21838fdb8"",""riskLevel"":""D"",""riskName"":""（100311）储存场所危险化学品泄漏"",""sValue"":0,""seqNo"":6,""subdistrict"":""320571490"",""unitName"":""Fab1废水处理区"",""updateTime"":1736490447000,""uuitNo"":""91320594762849748G""},{""city"":""320500"",""county"":""320571"",""createTime"":1736490447000,""hazardousCount"":3,""hazardousDetailList"":[{""actualityPresence"":6,""cas"":""7705-08-0"",""chemicalName"":""三氯化铁溶液"",""chemicalStatus"":""0"",""chemicalsKnowledge"":{""bh"":"""",""bzwx"":"""",""cczysx"":"""",""cjr"":"""",""czzysx"":"""",""fgxx"":"""",""fj"":"""",""flxx"":"""",""hjwh"":"""",""jkwh"":"""",""mbbh"":"""",""mc"":"""",""mhff"":"""",""orgId"":"""",""pfjc"":"""",""qrtj"":"""",""recorderId"":"""",""sfgz"":"""",""sfgzName"":"""",""sfwx"":"""",""sfyb"":"""",""sfybName"":"""",""sfyd"":"""",""sfydName"":"""",""sr"":"""",""whpbh"":"""",""wxtx"":"""",""wxxlb"":"""",""xgr"":"""",""xr"":"""",""yhrscw"":"""",""yjcl"":"""",""yjjc"":"""",""ywmc"":"""",""ywmc2"":"""",""ywxtbh"":""""},""createTime"":1736490447000,""criticalQuantity"":0,""dangerInfo"":"""",""id"":""8aae07329449223101944ee56fae7c26"",""isYazl"":"""",""purpose"":""4"",""reserves"":0,""storageType"":""2"",""storehouseType"":"""",""unitId"":""8aae07329449223101944ee56fac7c25"",""updateTime"":1736490447000,""yearUsage"":0},{""actualityPresence"":6,""cas"":""1310-73-2"",""chemicalName"":""氢氧化钠溶液[含量≥30%]"",""chemicalStatus"":""0"",""chemicalsKnowledge"":{""bh"":"""",""bzwx"":"""",""cczysx"":"""",""cjr"":"""",""czzysx"":"""",""fgxx"":"""",""fj"":"""",""flxx"":"""",""hjwh"":"""",""jkwh"":"""",""mbbh"":"""",""mc"":"""",""mhff"":"""",""orgId"":"""",""pfjc"":"""",""qrtj"":"""",""recorderId"":"""",""sfgz"":"""",""sfgzName"":"""",""sfwx"":"""",""sfyb"":"""",""sfybName"":"""",""sfyd"":"""",""sfydName"":"""",""sr"":"""",""whpbh"":"""",""wxtx"":"""",""wxxlb"":"""",""xgr"":"""",""xr"":"""",""yhrscw"":"""",""yjcl"":"""",""yjjc"":"""",""ywmc"":"""",""ywmc2"":"""",""ywxtbh"":""""},""createTime"":1736490447000,""criticalQuantity"":0,""dangerInfo"":"""",""id"":""8aae07329449223101944ee56faf7c27"",""isYazl"":"""",""purpose"":""4"",""reserves"":0,""storageType"":""2"",""storehouseType"":"""",""unitId"":""8aae07329449223101944ee56fac7c25"",""updateTime"":1736490447000,""yearUsage"":0},{""actualityPresence"":6,""cas"":""7664-93-9"",""chemicalName"":""硫酸"",""chemicalStatus"":""0"",""chemicalsKnowledge"":{""bh"":"""",""bzwx"":"""",""cczysx"":"""",""cjr"":"""",""czzysx"":"""",""fgxx"":"""",""fj"":"""",""flxx"":"""",""hjwh"":"""",""jkwh"":"""",""mbbh"":"""",""mc"":"""",""mhff"":"""",""orgId"":"""",""pfjc"":"""",""qrtj"":"""",""recorderId"":"""",""sfgz"":"""",""sfgzName"":"""",""sfwx"":"""",""sfyb"":"""",""sfybName"":"""",""sfyd"":"""",""sfydName"":"""",""sr"":"""",""whpbh"":"""",""wxtx"":"""",""wxxlb"":"""",""xgr"":"""",""xr"":"""",""yhrscw"":"""",""yjcl"":"""",""yjjc"":"""",""ywmc"":"""",""ywmc2"":"""",""ywxtbh"":""""},""createTime"":1736490447000,""criticalQuantity"":0,""dangerInfo"":"""",""id"":""8aae07329449223101944ee56fb07c28"",""isYazl"":"""",""purpose"":""4"",""reserves"":0,""storageType"":""2"",""storehouseType"":"""",""unitId"":""8aae07329449223101944ee56fac7c25"",""updateTime"":1736490447000,""yearUsage"":0}],""id"":""8aae07329449223101944ee56fac7c25"",""isYazl"":""0"",""province"":""320000"",""riskId"":""77fcdf4790c74d91b83f18399e6254f2"",""riskLevel"":""D"",""riskName"":""（100311）储存场所危险化学品泄漏"",""sValue"":0,""seqNo"":7,""subdistrict"":""320571490"",""unitName"":""Fab2废水处理区"",""updateTime"":1736490447000,""uuitNo"":""91320594762849748G""},{""city"":""320500"",""county"":""320571"",""createTime"":1736490447000,""hazardousCount"":1,""hazardousDetailList"":[{""actualityPresence"":0.5,""cas"":""13967-50-5"",""chemicalName"":""氰化亚金钾"",""chemicalStatus"":""1"",""chemicalsKnowledge"":{""bh"":"""",""bzwx"":"""",""cczysx"":"""",""cjr"":"""",""czzysx"":"""",""fgxx"":"""",""fj"":"""",""flxx"":"""",""hjwh"":"""",""jkwh"":"""",""mbbh"":"""",""mc"":"""",""mhff"":"""",""orgId"":"""",""pfjc"":"""",""qrtj"":"""",""recorderId"":"""",""sfgz"":"""",""sfgzName"":"""",""sfwx"":"""",""sfyb"":"""",""sfybName"":"""",""sfyd"":"""",""sfydName"":"""",""sr"":"""",""whpbh"":"""",""wxtx"":"""",""wxxlb"":"""",""xgr"":"""",""xr"":"""",""yhrscw"":"""",""yjcl"":"""",""yjjc"":"""",""ywmc"":"""",""ywmc2"":"""",""ywxtbh"":""""},""createTime"":1736490447000,""criticalQuantity"":500,""dangerInfo"":"""",""id"":""8aae07329449223101944ee56fb37c2a"",""isYazl"":"""",""purpose"":""1"",""reserves"":0,""storageType"":""1"",""storehouseType"":""3"",""unitId"":""8aae07329449223101944ee56fb17c29"",""updateTime"":1736490447000,""yearUsage"":0}],""id"":""8aae07329449223101944ee56fb17c29"",""isYazl"":""0"",""province"":""320000"",""riskId"":""88c77f811f2a4825a680cd19a88c462f"",""riskLevel"":""D"",""riskName"":""（100716）（热处理与电镀）氰化物、高价铬化物泄漏"",""sValue"":0,""seqNo"":8,""subdistrict"":""320571490"",""unitName"":""金盐仓库"",""updateTime"":1736490447000,""uuitNo"":""91320594762849748G""},{""city"":""320500"",""county"":""320571"",""createTime"":1736490447000,""hazardousCount"":1,""hazardousDetailList"":[{""actualityPresence"":0,""cas"":""74-90-8"",""chemicalName"":""氰化氢"",""chemicalStatus"":""2"",""chemicalsKnowledge"":{""bh"":"""",""bzwx"":"""",""cczysx"":"""",""cjr"":"""",""czzysx"":"""",""fgxx"":"""",""fj"":"""",""flxx"":"""",""hjwh"":"""",""jkwh"":"""",""mbbh"":"""",""mc"":"""",""mhff"":"""",""orgId"":"""",""pfjc"":"""",""qrtj"":"""",""recorderId"":"""",""sfgz"":"""",""sfgzName"":"""",""sfwx"":"""",""sfyb"":"""",""sfybName"":"""",""sfyd"":"""",""sfydName"":"""",""sr"":"""",""whpbh"":"""",""wxtx"":"""",""wxxlb"":"""",""xgr"":"""",""xr"":"""",""yhrscw"":"""",""yjcl"":"""",""yjjc"":"""",""ywmc"":"""",""ywmc2"":"""",""ywxtbh"":""""},""createTime"":1736490447000,""criticalQuantity"":1,""dangerInfo"":"""",""id"":""8aae07329449223101944ee56fb57c2c"",""isYazl"":"""",""purpose"":""4"",""reserves"":0,""storageType"":""2"",""storehouseType"":"""",""unitId"":""8aae07329449223101944ee56fb47c2b"",""updateTime"":1736490447000,""yearUsage"":0}],""id"":""8aae07329449223101944ee56fb47c2b"",""isYazl"":""0"",""province"":""320000"",""riskId"":""4e8e04a3552e4d63abe56a47a1f8539a"",""riskLevel"":""D"",""riskName"":""（100716）（热处理与电镀）氰化物、高价铬化物泄漏"",""sValue"":0,""seqNo"":9,""subdistrict"":""320571490"",""unitName"":""HCN洗涤塔"",""updateTime"":1736490447000,""uuitNo"":""91320594762849748G""},{""city"":""320500"",""county"":""320571"",""createTime"":1736490447000,""hazardousCount"":3,""hazardousDetailList"":[{""actualityPresence"":0.2,""cas"":""124-38-9"",""chemicalName"":""二氧化碳[压缩的或液化的]"",""chemicalStatus"":""2"",""chemicalsKnowledge"":{""bh"":"""",""bzwx"":"""",""cczysx"":"""",""cjr"":"""",""czzysx"":"""",""fgxx"":"""",""fj"":"""",""flxx"":"""",""hjwh"":"""",""jkwh"":"""",""mbbh"":"""",""mc"":"""",""mhff"":"""",""orgId"":"""",""pfjc"":"""",""qrtj"":"""",""recorderId"":"""",""sfgz"":"""",""sfgzName"":"""",""sfwx"":"""",""sfyb"":"""",""sfybName"":"""",""sfyd"":"""",""sfydName"":"""",""sr"":"""",""whpbh"":"""",""wxtx"":"""",""wxxlb"":"""",""xgr"":"""",""xr"":"""",""yhrscw"":"""",""yjcl"":"""",""yjjc"":"""",""ywmc"":"""",""ywmc2"":"""",""ywxtbh"":""""},""createTime"":1736490447000,""criticalQuantity"":0,""dangerInfo"":"""",""id"":""8aae07329449223101944ee56fb77c2e"",""isYazl"":"""",""purpose"":""1"",""reserves"":0,""storageType"":""1"",""storehouseType"":""1"",""unitId"":""8aae07329449223101944ee56fb67c2d"",""updateTime"":1736490447000,""yearUsage"":0},{""actualityPresence"":0.06,""cas"":""/"",""chemicalName"":""二氧化碳和氧气混合物"",""chemicalStatus"":""2"",""chemicalsKnowledge"":{""bh"":"""",""bzwx"":"""",""cczysx"":"""",""cjr"":"""",""czzysx"":"""",""fgxx"":"""",""fj"":"""",""flxx"":"""",""hjwh"":"""",""jkwh"":"""",""mbbh"":"""",""mc"":"""",""mhff"":"""",""orgId"":"""",""pfjc"":"""",""qrtj"":"""",""recorderId"":"""",""sfgz"":"""",""sfgzName"":"""",""sfwx"":"""",""sfyb"":"""",""sfybName"":"""",""sfyd"":"""",""sfydName"":"""",""sr"":"""",""whpbh"":"""",""wxtx"":"""",""wxxlb"":"""",""xgr"":"""",""xr"":"""",""yhrscw"":"""",""yjcl"":"""",""yjjc"":"""",""ywmc"":"""",""ywmc2"":"""",""ywxtbh"":""""},""createTime"":1736490447000,""criticalQuantity"":0,""dangerInfo"":"""",""id"":""8aae07329449223101944ee56fb87c2f"",""isYazl"":"""",""purpose"":""1"",""reserves"":0,""storageType"":""1"",""storehouseType"":""1"",""unitId"":""8aae07329449223101944ee56fb67c2d"",""updateTime"":1736490447000,""yearUsage"":0},{""actualityPresence"":0.04,""cas"":""7440-37-1"",""chemicalName"":""氩[压缩的或液化的]"",""chemicalStatus"":""2"",""chemicalsKnowledge"":{""bh"":"""",""bzwx"":"""",""cczysx"":"""",""cjr"":"""",""czzysx"":"""",""fgxx"":"""",""fj"":"""",""flxx"":"""",""hjwh"":"""",""jkwh"":"""",""mbbh"":"""",""mc"":"""",""mhff"":"""",""orgId"":"""",""pfjc"":"""",""qrtj"":"""",""recorderId"":"""",""sfgz"":"""",""sfgzName"":"""",""sfwx"":"""",""sfyb"":"""",""sfybName"":"""",""sfyd"":"""",""sfydName"":"""",""sr"":"""",""whpbh"":"""",""wxtx"":"""",""wxxlb"":"""",""xgr"":"""",""xr"":"""",""yhrscw"":"""",""yjcl"":"""",""yjjc"":"""",""ywmc"":"""",""ywmc2"":"""",""ywxtbh"":""""},""createTime"":1736490447000,""criticalQuantity"":0,""dangerInfo"":"""",""id"":""8aae07329449223101944ee56fb97c30"",""isYazl"":"""",""purpose"":""1"",""reserves"":0,""storageType"":""1"",""storehouseType"":""1"",""unitId"":""8aae07329449223101944ee56fb67c2d"",""updateTime"":1736490447000,""yearUsage"":0}],""id"":""8aae07329449223101944ee56fb67c2d"",""isYazl"":""0"",""province"":""320000"",""riskId"":""9e1a335ae37a4cf799306c4978aecd3f"",""riskLevel"":""D"",""riskName"":""（100317）工业气体储存设施及其输送管线气体泄漏"",""sValue"":0,""seqNo"":10,""subdistrict"":""320571490"",""unitName"":""Fab1供气室"",""updateTime"":1736490447000,""uuitNo"":""91320594762849748G""},{""city"":""320500"",""county"":""320571"",""createTime"":1736490447000,""hazardousCount"":5,""hazardousDetailList"":[{""actualityPresence"":0.1,""cas"":""/"",""chemicalName"":""二氧化碳和氧气混合物"",""chemicalStatus"":""2"",""chemicalsKnowledge"":{""bh"":"""",""bzwx"":"""",""cczysx"":"""",""cjr"":"""",""czzysx"":"""",""fgxx"":"""",""fj"":"""",""flxx"":"""",""hjwh"":"""",""jkwh"":"""",""mbbh"":"""",""mc"":"""",""mhff"":"""",""orgId"":"""",""pfjc"":"""",""qrtj"":"""",""recorderId"":"""",""sfgz"":"""",""sfgzName"":"""",""sfwx"":"""",""sfyb"":"""",""sfybName"":"""",""sfyd"":"""",""sfydName"":"""",""sr"":"""",""whpbh"":"""",""wxtx"":"""",""wxxlb"":"""",""xgr"":"""",""xr"":"""",""yhrscw"":"""",""yjcl"":"""",""yjjc"":"""",""ywmc"":"""",""ywmc2"":"""",""ywxtbh"":""""},""createTime"":1736490447000,""criticalQuantity"":0,""dangerInfo"":"""",""id"":""8aae07329449223101944ee56fbb7c32"",""isYazl"":"""",""purpose"":""1"",""reserves"":0,""storageType"":""1"",""storehouseType"":""1"",""unitId"":""8aae07329449223101944ee56fba7c31"",""updateTime"":1736490447000,""yearUsage"":0},{""actualityPresence"":0.08,""cas"":""124-38-9"",""chemicalName"":""二氧化碳[压缩的或液化的]"",""chemicalStatus"":""2"",""chemicalsKnowledge"":{""bh"":"""",""bzwx"":"""",""cczysx"":"""",""cjr"":"""",""czzysx"":"""",""fgxx"":"""",""fj"":"""",""flxx"":"""",""hjwh"":"""",""jkwh"":"""",""mbbh"":"""",""mc"":"""",""mhff"":"""",""orgId"":"""",""pfjc"":"""",""qrtj"":"""",""recorderId"":"""",""sfgz"":"""",""sfgzName"":"""",""sfwx"":"""",""sfyb"":"""",""sfybName"":"""",""sfyd"":"""",""sfydName"":"""",""sr"":"""",""whpbh"":"""",""wxtx"":"""",""wxxlb"":"""",""xgr"":"""",""xr"":"""",""yhrscw"":"""",""yjcl"":"""",""yjjc"":"""",""ywmc"":"""",""ywmc2"":"""",""ywxtbh"":""""},""createTime"":1736490447000,""criticalQuantity"":0,""dangerInfo"":"""",""id"":""8aae07329449223101944ee56fbd7c33"",""isYazl"":"""",""purpose"":""1"",""reserves"":0,""storageType"":""1"",""storehouseType"":""1"",""unitId"":""8aae07329449223101944ee56fba7c31"",""updateTime"":1736490447000,""yearUsage"":0},{""actualityPresence"":0.04,""cas"":""7440-37-1"",""chemicalName"":""氩[压缩的或液化的]"",""chemicalStatus"":""2"",""chemicalsKnowledge"":{""bh"":"""",""bzwx"":"""",""cczysx"":"""",""cjr"":"""",""czzysx"":"""",""fgxx"":"""",""fj"":"""",""flxx"":"""",""hjwh"":"""",""jkwh"":"""",""mbbh"":"""",""mc"":"""",""mhff"":"""",""orgId"":"""",""pfjc"":"""",""qrtj"":"""",""recorderId"":"""",""sfgz"":"""",""sfgzName"":"""",""sfwx"":"""",""sfyb"":"""",""sfybName"":"""",""sfyd"":"""",""sfydName"":"""",""sr"":"""",""whpbh"":"""",""wxtx"":"""",""wxxlb"":"""",""xgr"":"""",""xr"":"""",""yhrscw"":"""",""yjcl"":"""",""yjjc"":"""",""ywmc"":"""",""ywmc2"":"""",""ywxtbh"":""""},""createTime"":1736490447000,""criticalQuantity"":0,""dangerInfo"":"""",""id"":""8aae07329449223101944ee56fbe7c34"",""isYazl"":"""",""purpose"":""1"",""reserves"":0,""storageType"":""1"",""storehouseType"":""1"",""unitId"":""8aae07329449223101944ee56fba7c31"",""updateTime"":1736490447000,""yearUsage"":0},{""actualityPresence"":0.04,""cas"":""7440-59-7"",""chemicalName"":""氦[压缩的或液化的]"",""chemicalStatus"":""2"",""chemicalsKnowledge"":{""bh"":"""",""bzwx"":"""",""cczysx"":"""",""cjr"":"""",""czzysx"":"""",""fgxx"":"""",""fj"":"""",""flxx"":"""",""hjwh"":"""",""jkwh"":"""",""mbbh"":"""",""mc"":"""",""mhff"":"""",""orgId"":"""",""pfjc"":"""",""qrtj"":"""",""recorderId"":"""",""sfgz"":"""",""sfgzName"":"""",""sfwx"":"""",""sfyb"":"""",""sfybName"":"""",""sfyd"":"""",""sfydName"":"""",""sr"":"""",""whpbh"":"""",""wxtx"":"""",""wxxlb"":"""",""xgr"":"""",""xr"":"""",""yhrscw"":"""",""yjcl"":"""",""yjjc"":"""",""ywmc"":"""",""ywmc2"":"""",""ywxtbh"":""""},""createTime"":1736490447000,""criticalQuantity"":0,""dangerInfo"":"""",""id"":""8aae07329449223101944ee56fbf7c35"",""isYazl"":"""",""purpose"":""1"",""reserves"":0,""storageType"":""1"",""storehouseType"":""1"",""unitId"":""8aae07329449223101944ee56fba7c31"",""updateTime"":1736490447000,""yearUsage"":0},{""actualityPresence"":0.04,""cas"":""75-73-0"",""chemicalName"":""四氟甲烷"",""chemicalStatus"":""2"",""chemicalsKnowledge"":{""bh"":"""",""bzwx"":"""",""cczysx"":"""",""cjr"":"""",""czzysx"":"""",""fgxx"":"""",""fj"":"""",""flxx"":"""",""hjwh"":"""",""jkwh"":"""",""mbbh"":"""",""mc"":"""",""mhff"":"""",""orgId"":"""",""pfjc"":"""",""qrtj"":"""",""recorderId"":"""",""sfgz"":"""",""sfgzName"":"""",""sfwx"":"""",""sfyb"":"""",""sfybName"":"""",""sfyd"":"""",""sfydName"":"""",""sr"":"""",""whpbh"":"""",""wxtx"":"""",""wxxlb"":"""",""xgr"":"""",""xr"":"""",""yhrscw"":"""",""yjcl"":"""",""yjjc"":"""",""ywmc"":"""",""ywmc2"":"""",""ywxtbh"":""""},""createTime"":1736490447000,""criticalQuantity"":0,""dangerInfo"":"""",""id"":""8aae07329449223101944ee56fc07c36"",""isYazl"":"""",""purpose"":""1"",""reserves"":0,""storageType"":""1"",""storehouseType"":""1"",""unitId"":""8aae07329449223101944ee56fba7c31"",""updateTime"":1736490447000,""yearUsage"":0}],""id"":""8aae07329449223101944ee56fba7c31"",""isYazl"":""0"",""province"":""320000"",""riskId"":""26d786cb672d4528b6d11aaf5a07deb3"",""riskLevel"":""D"",""riskName"":""（100317）工业气体储存设施及其输送管线气体泄漏"",""sValue"":0,""seqNo"":11,""subdistrict"":""320571490"",""unitName"":""Fab2供气室"",""updateTime"":1736490447000,""uuitNo"":""91320594762849748G""},{""city"":""320500"",""county"":""320571"",""createTime"":1736490447000,""hazardousCount"":1,""hazardousDetailList"":[{""actualityPresence"":0.06,""cas"":""74-86-2"",""chemicalName"":""乙炔"",""chemicalStatus"":""2"",""chemicalsKnowledge"":{""bh"":"""",""bzwx"":"""",""cczysx"":"""",""cjr"":"""",""czzysx"":"""",""fgxx"":"""",""fj"":"""",""flxx"":"""",""hjwh"":"""",""jkwh"":"""",""mbbh"":"""",""mc"":"""",""mhff"":"""",""orgId"":"""",""pfjc"":"""",""qrtj"":"""",""recorderId"":"""",""sfgz"":"""",""sfgzName"":"""",""sfwx"":"""",""sfyb"":"""",""sfybName"":"""",""sfyd"":"""",""sfydName"":"""",""sr"":"""",""whpbh"":"""",""wxtx"":"""",""wxxlb"":"""",""xgr"":"""",""xr"":"""",""yhrscw"":"""",""yjcl"":"""",""yjjc"":"""",""ywmc"":"""",""ywmc2"":"""",""ywxtbh"":""""},""createTime"":1736490447000,""criticalQuantity"":200,""dangerInfo"":"""",""id"":""8aae07329449223101944ee56fc27c38"",""isYazl"":"""",""purpose"":""2"",""reserves"":0,""storageType"":""1"",""storehouseType"":""1"",""unitId"":""8aae07329449223101944ee56fc17c37"",""updateTime"":1736490447000,""yearUsage"":0}],""id"":""8aae07329449223101944ee56fc17c37"",""isYazl"":""0"",""province"":""320000"",""riskId"":""b87b5133342648559b37113fd701170b"",""riskLevel"":""D"",""riskName"":""（100317）工业气体储存设施及其输送管线气体泄漏"",""sValue"":0,""seqNo"":12,""subdistrict"":""320571490"",""unitName"":""乙炔间"",""updateTime"":1736490447000,""uuitNo"":""91320594762849748G""},{""city"":""320500"",""county"":""320571"",""createTime"":1736490447000,""hazardousCount"":4,""hazardousDetailList"":[{""actualityPresence"":0.2,""cas"":""124-38-9"",""chemicalName"":""二氧化碳[压缩的或液化的]"",""chemicalStatus"":""2"",""chemicalsKnowledge"":{""bh"":"""",""bzwx"":"""",""cczysx"":"""",""cjr"":"""",""czzysx"":"""",""fgxx"":"""",""fj"":"""",""flxx"":"""",""hjwh"":"""",""jkwh"":"""",""mbbh"":"""",""mc"":"""",""mhff"":"""",""orgId"":"""",""pfjc"":"""",""qrtj"":"""",""recorderId"":"""",""sfgz"":"""",""sfgzName"":"""",""sfwx"":"""",""sfyb"":"""",""sfybName"":"""",""sfyd"":"""",""sfydName"":"""",""sr"":"""",""whpbh"":"""",""wxtx"":"""",""wxxlb"":"""",""xgr"":"""",""xr"":"""",""yhrscw"":"""",""yjcl"":"""",""yjjc"":"""",""ywmc"":"""",""ywmc2"":"""",""ywxtbh"":""""},""createTime"":1736490447000,""criticalQuantity"":0,""dangerInfo"":"""",""id"":""8aae07329449223101944ee56fc47c3a"",""isYazl"":"""",""purpose"":""1"",""reserves"":0,""storageType"":""1"",""storehouseType"":""1"",""unitId"":""8aae07329449223101944ee56fc37c39"",""updateTime"":1736490447000,""yearUsage"":0},{""actualityPresence"":0.6,""cas"":""7782-44-7"",""chemicalName"":""氧[压缩的或液化的]"",""chemicalStatus"":""2"",""chemicalsKnowledge"":{""bh"":"""",""bzwx"":"""",""cczysx"":"""",""cjr"":"""",""czzysx"":"""",""fgxx"":"""",""fj"":"""",""flxx"":"""",""hjwh"":"""",""jkwh"":"""",""mbbh"":"""",""mc"":"""",""mhff"":"""",""orgId"":"""",""pfjc"":"""",""qrtj"":"""",""recorderId"":"""",""sfgz"":"""",""sfgzName"":"""",""sfwx"":"""",""sfyb"":"""",""sfybName"":"""",""sfyd"":"""",""sfydName"":"""",""sr"":"""",""whpbh"":"""",""wxtx"":"""",""wxxlb"":"""",""xgr"":"""",""xr"":"""",""yhrscw"":"""",""yjcl"":"""",""yjjc"":"""",""ywmc"":"""",""ywmc2"":"""",""ywxtbh"":""""},""createTime"":1736490447000,""criticalQuantity"":200,""dangerInfo"":"""",""id"":""8aae07329449223101944ee56fc57c3b"",""isYazl"":"""",""purpose"":""1"",""reserves"":0,""storageType"":""1"",""storehouseType"":""1"",""unitId"":""8aae07329449223101944ee56fc37c39"",""updateTime"":1736490447000,""yearUsage"":0},{""actualityPresence"":0.08,""cas"":""7440-37-1"",""chemicalName"":""氩[压缩的或液化的]"",""chemicalStatus"":""2"",""chemicalsKnowledge"":{""bh"":"""",""bzwx"":"""",""cczysx"":"""",""cjr"":"""",""czzysx"":"""",""fgxx"":"""",""fj"":"""",""flxx"":"""",""hjwh"":"""",""jkwh"":"""",""mbbh"":"""",""mc"":"""",""mhff"":"""",""orgId"":"""",""pfjc"":"""",""qrtj"":"""",""recorderId"":"""",""sfgz"":"""",""sfgzName"":"""",""sfwx"":"""",""sfyb"":"""",""sfybName"":"""",""sfyd"":"""",""sfydName"":"""",""sr"":"""",""whpbh"":"""",""wxtx"":"""",""wxxlb"":"""",""xgr"":"""",""xr"":"""",""yhrscw"":"""",""yjcl"":"""",""yjjc"":"""",""ywmc"":"""",""ywmc2"":"""",""ywxtbh"":""""},""createTime"":1736490447000,""criticalQuantity"":0,""dangerInfo"":"""",""id"":""8aae07329449223101944ee56fc67c3c"",""isYazl"":"""",""purpose"":""1"",""reserves"":0,""storageType"":""1"",""storehouseType"":""1"",""unitId"":""8aae07329449223101944ee56fc37c39"",""updateTime"":1736490447000,""yearUsage"":0},{""actualityPresence"":0.08,""cas"":""7440-59-7"",""chemicalName"":""氦[压缩的或液化的]"",""chemicalStatus"":""2"",""chemicalsKnowledge"":{""bh"":"""",""bzwx"":"""",""cczysx"":"""",""cjr"":"""",""czzysx"":"""",""fgxx"":"""",""fj"":"""",""flxx"":"""",""hjwh"":"""",""jkwh"":"""",""mbbh"":"""",""mc"":"""",""mhff"":"""",""orgId"":"""",""pfjc"":"""",""qrtj"":"""",""recorderId"":"""",""sfgz"":"""",""sfgzName"":"""",""sfwx"":"""",""sfyb"":"""",""sfybName"":"""",""sfyd"":"""",""sfydName"":"""",""sr"":"""",""whpbh"":"""",""wxtx"":"""",""wxxlb"":"""",""xgr"":"""",""xr"":"""",""yhrscw"":"""",""yjcl"":"""",""yjjc"":"""",""ywmc"":"""",""ywmc2"":"""",""ywxtbh"":""""},""createTime"":1736490447000,""criticalQuantity"":0,""dangerInfo"":"""",""id"":""8aae07329449223101944ee56fc77c3d"",""isYazl"":"""",""purpose"":""1"",""reserves"":0,""storageType"":""1"",""storehouseType"":""1"",""unitId"":""8aae07329449223101944ee56fc37c39"",""updateTime"":1736490447000,""yearUsage"":0}],""id"":""8aae07329449223101944ee56fc37c39"",""isYazl"":""0"",""province"":""320000"",""riskId"":""529cd5401c394b2597aba9e384f05a36"",""riskLevel"":""D"",""riskName"":""（100317）工业气体储存设施及其输送管线气体泄漏"",""sValue"":0,""seqNo"":13,""subdistrict"":""320571490"",""unitName"":""气体库"",""updateTime"":1736490447000,""uuitNo"":""91320594762849748G""},{""city"":""320500"",""county"":""320571"",""createTime"":1736490447000,""hazardousCount"":2,""hazardousDetailList"":[{""actualityPresence"":0.06,""cas"":""67-64-1"",""chemicalName"":""丙酮"",""chemicalStatus"":""0"",""chemicalsKnowledge"":{""bh"":"""",""bzwx"":"""",""cczysx"":"""",""cjr"":"""",""czzysx"":"""",""fgxx"":"""",""fj"":"""",""flxx"":"""",""hjwh"":"""",""jkwh"":"""",""mbbh"":"""",""mc"":"""",""mhff"":"""",""orgId"":"""",""pfjc"":"""",""qrtj"":"""",""recorderId"":"""",""sfgz"":"""",""sfgzName"":"""",""sfwx"":"""",""sfyb"":"""",""sfybName"":"""",""sfyd"":"""",""sfydName"":"""",""sr"":"""",""whpbh"":"""",""wxtx"":"""",""wxxlb"":"""",""xgr"":"""",""xr"":"""",""yhrscw"":"""",""yjcl"":"""",""yjjc"":"""",""ywmc"":"""",""ywmc2"":"""",""ywxtbh"":""""},""createTime"":1736490447000,""criticalQuantity"":500,""dangerInfo"":"""",""id"":""8aae07329449223101944ee56fc97c3f"",""isYazl"":"""",""purpose"":""1"",""reserves"":0,""storageType"":""1"",""storehouseType"":""1"",""unitId"":""8aae07329449223101944ee56fc87c3e"",""updateTime"":1736490447000,""yearUsage"":0},{""actualityPresence"":0.02,""cas"":""64-17-5"",""chemicalName"":""乙醇[无水]"",""chemicalStatus"":""0"",""chemicalsKnowledge"":{""bh"":"""",""bzwx"":"""",""cczysx"":"""",""cjr"":"""",""czzysx"":"""",""fgxx"":"""",""fj"":"""",""flxx"":"""",""hjwh"":"""",""jkwh"":"""",""mbbh"":"""",""mc"":"""",""mhff"":"""",""orgId"":"""",""pfjc"":"""",""qrtj"":"""",""recorderId"":"""",""sfgz"":"""",""sfgzName"":"""",""sfwx"":"""",""sfyb"":"""",""sfybName"":"""",""sfyd"":"""",""sfydName"":"""",""sr"":"""",""whpbh"":"""",""wxtx"":"""",""wxxlb"":"""",""xgr"":"""",""xr"":"""",""yhrscw"":"""",""yjcl"":"""",""yjjc"":"""",""ywmc"":"""",""ywmc2"":"""",""ywxtbh"":""""},""createTime"":1736490447000,""criticalQuantity"":500,""dangerInfo"":"""",""id"":""8aae07329449223101944ee56fca7c40"",""isYazl"":"""",""purpose"":""1"",""reserves"":0,""storageType"":""1"",""storehouseType"":""1"",""unitId"":""8aae07329449223101944ee56fc87c3e"",""updateTime"":1736490447000,""yearUsage"":0}],""id"":""8aae07329449223101944ee56fc87c3e"",""isYazl"":""0"",""province"":""320000"",""riskId"":""dc3e16f42b584dfaaa0330eaba204cb9"",""riskLevel"":""D"",""riskName"":""（100327）洁净厂房"",""sValue"":0,""seqNo"":14,""subdistrict"":""320571490"",""unitName"":""黄光区"",""updateTime"":1736490447000,""uuitNo"":""91320594762849748G""}],""weihuaList"":[]}",admin,admin,2025-01-14 00:00:00.000,2025-01-14 00:00:00.000
2025-06-19 20:13:00.000,"7098224b43884a10993aa7e101a89932",,SUPE_CORP_C,,,,,,,"{""dianluList"":[{""typeNum"":"""",""typeSpec"":""""}],""gaoluList"":[{""typeNum"":"""",""typeSpec"":""""}],""meiqiList"":[{""typeNum"":"""",""typeSpec"":""""}],""zhuanluList"":[{""typeNum"":"""",""typeSpec"":""""}]}",0,,0,,0,,0,,0,,"{""gudingshiList"":[{""typeNum"":"""",""typeSpec"":""""}],""qidongshiList"":[{""typeNum"":"""",""typeSpec"":""""}]}",,,,,,,,,"0",,"8b8d01a14fb749afbffb4a8ab37f8c14",,,,"{""chulishebeiList"":[{""unitFour"":"""",""unitOne"":""无"",""unitThree"":"""",""unitTwo"":""0""}],""ifzuoye"":""0"",""youxiankongjianNum"":""1""}",,,,admin,admin,2025-01-16 00:00:00.000,2025-01-16 00:00:00.000
2025-06-19 20:13:01.000,"7098422ef9f64dfea73bdaf151635513",,SUPE_CORP_C,,,,,,,"{""dianluList"":[{""typeNum"":"""",""typeSpec"":""""}],""gaoluList"":[{""typeNum"":"""",""typeSpec"":""""}],""meiqiList"":[{""typeNum"":"""",""typeSpec"":""""}],""zhuanluList"":[{""typeNum"":"""",""typeSpec"":""""}]}",0,,0,,0,,0,,0,,"{""gudingshiList"":[{""typeNum"":"""",""typeSpec"":""""}],""qidongshiList"":[{""typeNum"":"""",""typeSpec"":""""}]}",,,,,,"0","0","0","0",,f75dfe7935994c03a82a6a82cb09faf0,,,,"{""chulishebeiList"":[],""ifzuoye"":""1"",""youxiankongjianNum"":""2""}",,,,admin,admin,2024-01-22 00:00:00.000,2024-01-22 00:00:00.000
2025-06-19 20:13:32.000,"709844076fb24a439e1d5dfc299c8adc",,SUPE_CORP_H,,,,,,,,0,,0,,0,,0,,0,,,,,,,,,,,"0",,"647c5b8130d246e9b7418f9f4e844eb5",,,,,,,"{""newWeihuaList"":[{""city"":""320500"",""county"":""320582"",""createTime"":1736216429000,""hazardousCount"":1,""hazardousDetailList"":[{""actualityPresence"":1.6,""cas"":""7727-37-9"",""chemicalName"":""氮[压缩的或液化的]"",""chemicalStatus"":""0"",""chemicalsKnowledge"":{""bh"":"""",""bzwx"":"""",""cczysx"":"""",""cjr"":"""",""czzysx"":"""",""fgxx"":"""",""fj"":"""",""flxx"":"""",""hjwh"":"""",""jkwh"":"""",""mbbh"":"""",""mc"":"""",""mhff"":"""",""orgId"":"""",""pfjc"":"""",""qrtj"":"""",""recorderId"":"""",""sfgz"":"""",""sfgzName"":"""",""sfwx"":"""",""sfyb"":"""",""sfybName"":"""",""sfyd"":"""",""sfydName"":"""",""sr"":"""",""whpbh"":"""",""wxtx"":"""",""wxxlb"":"""",""xgr"":"""",""xr"":"""",""yhrscw"":"""",""yjcl"":"""",""yjjc"":"""",""ywmc"":"""",""ywmc2"":"""",""ywxtbh"":""""},""createTime"":1736216429000,""criticalQuantity"":0,""dangerInfo"":"""",""id"":""8aae0736942b9bb801943e9042f14d45"",""isYazl"":"""",""purpose"":""5"",""reserves"":0,""storageType"":""2"",""storehouseType"":"""",""unitId"":""8aae0736942b9bb801943e9042e94d3e"",""updateTime"":1736216429000,""yearUsage"":0}],""id"":""8aae0736942b9bb801943e9042e94d3e"",""isYazl"":""0"",""province"":""320000"",""riskId"":""910d3713cb74430f8e3ef9f545840672"",""riskLevel"":""D"",""riskName"":""（100317）工业气体制备、储存设施泄漏"",""sValue"":0,""seqNo"":1,""subdistrict"":""320582104"",""unitName"":""一单元"",""updateTime"":1736216429000,""uuitNo"":""91320582MA21DT1LX9""}],""weihuaList"":[]}",admin,admin,2025-01-07 00:00:00.000,2025-01-07 00:00:00.000
2025-06-19 20:13:12.000,"70989d21dd9a4c73b118bcab94ff2845",,SUPE_CORP_E,,,,,,,,0,,0,,0,,0,,0,,,,,,,,,,,"0",,"70727877e4d44bcd9597a45ce311a081",,,,,,,,admin,admin,2022-02-22 00:00:00.000,2022-02-22 00:00:00.000
2025-06-19 20:13:23.000,"709953dd1bcd48b680ea45510a6318e2",,SUPE_CORP_E,,,,,,,,0,,0,,0,,0,,0,,,,,,,,,,,"0",,e101cd7ad2d64185912f5bed4a8fc2ee,,,,,,,,admin,admin,2025-01-07 00:00:00.000,2025-01-07 00:00:00.000
2025-06-19 20:13:19.000,"709992a63a99401f8ae0acb6872cd40a",,SUPE_CORP_E,,,,,,,,0,,0,,0,,0,,0,,,,,,,,,,,"0",,a9aa390d6a63493e8e589ac7f738d5bc,,,,,,,,admin,admin,2024-01-31 00:00:00.000,2024-01-31 00:00:00.000
2025-06-19 20:13:32.000,"7099b8d3715240f8b07b0092748a56de",,SUPE_CORP_H,,,,,,,,0,,0,,0,,0,,0,,,,,,,,,,,"0",,"6ad6847823294065b09008e064c8f532",,,,,,,"{""newWeihuaList"":[{""city"":""320500"",""county"":""320509"",""createTime"":1743343764000,""hazardousCount"":3,""hazardousDetailList"":[{""actualityPresence"":1,""cas"":""67-56-1"",""chemicalName"":""甲醇"",""chemicalStatus"":""0"",""chemicalsKnowledge"":{""bh"":"""",""bzwx"":"""",""cczysx"":"""",""cjr"":"""",""czzysx"":"""",""fgxx"":"""",""fj"":"""",""flxx"":"""",""hjwh"":"""",""jkwh"":"""",""mbbh"":"""",""mc"":"""",""mhff"":"""",""orgId"":"""",""pfjc"":"""",""qrtj"":"""",""recorderId"":"""",""sfgz"":"""",""sfgzName"":"""",""sfwx"":"""",""sfyb"":"""",""sfybName"":"""",""sfyd"":"""",""sfydName"":"""",""sr"":"""",""whpbh"":"""",""wxtx"":"""",""wxxlb"":"""",""xgr"":"""",""xr"":"""",""yhrscw"":"""",""yjcl"":"""",""yjjc"":"""",""ywmc"":"""",""ywmc2"":"""",""ywxtbh"":""""},""createTime"":1743343764000,""criticalQuantity"":500,""dangerInfo"":"""",""id"":""8aae073b95dc292a0195e762c0a35ad1"",""isYazl"":"""",""purpose"":""1"",""reserves"":0,""storageType"":""3"",""storehouseType"":"""",""unitId"":""8aae073b95dc292a0195e762c0a25ad0"",""updateTime"":1743343764000,""yearUsage"":0},{""actualityPresence"":0.5,""cas"":""141-78-6"",""chemicalName"":""乙酸乙酯"",""chemicalStatus"":""0"",""chemicalsKnowledge"":{""bh"":"""",""bzwx"":"""",""cczysx"":"""",""cjr"":"""",""czzysx"":"""",""fgxx"":"""",""fj"":"""",""flxx"":"""",""hjwh"":"""",""jkwh"":"""",""mbbh"":"""",""mc"":"""",""mhff"":"""",""orgId"":"""",""pfjc"":"""",""qrtj"":"""",""recorderId"":"""",""sfgz"":"""",""sfgzName"":"""",""sfwx"":"""",""sfyb"":"""",""sfybName"":"""",""sfyd"":"""",""sfydName"":"""",""sr"":"""",""whpbh"":"""",""wxtx"":"""",""wxxlb"":"""",""xgr"":"""",""xr"":"""",""yhrscw"":"""",""yjcl"":"""",""yjjc"":"""",""ywmc"":"""",""ywmc2"":"""",""ywxtbh"":""""},""createTime"":1743343764000,""criticalQuantity"":500,""dangerInfo"":"""",""id"":""8aae073b95dc292a0195e762c0a45ad2"",""isYazl"":"""",""purpose"":""1"",""reserves"":0,""storageType"":""3"",""storehouseType"":"""",""unitId"":""8aae073b95dc292a0195e762c0a25ad0"",""updateTime"":1743343764000,""yearUsage"":0},{""actualityPresence"":0.5,""cas"":""68-12-2"",""chemicalName"":""N,N-二甲基甲酰胺"",""chemicalStatus"":""0"",""chemicalsKnowledge"":{""bh"":"""",""bzwx"":"""",""cczysx"":"""",""cjr"":"""",""czzysx"":"""",""fgxx"":"""",""fj"":"""",""flxx"":"""",""hjwh"":"""",""jkwh"":"""",""mbbh"":"""",""mc"":"""",""mhff"":"""",""orgId"":"""",""pfjc"":"""",""qrtj"":"""",""recorderId"":"""",""sfgz"":"""",""sfgzName"":"""",""sfwx"":"""",""sfyb"":"""",""sfybName"":"""",""sfyd"":"""",""sfydName"":"""",""sr"":"""",""whpbh"":"""",""wxtx"":"""",""wxxlb"":"""",""xgr"":"""",""xr"":"""",""yhrscw"":"""",""yjcl"":"""",""yjjc"":"""",""ywmc"":"""",""ywmc2"":"""",""ywxtbh"":""""},""createTime"":1743343764000,""criticalQuantity"":5000,""dangerInfo"":"""",""id"":""8aae073b95dc292a0195e762c0a55ad3"",""isYazl"":"""",""purpose"":""1"",""reserves"":0,""storageType"":""3"",""storehouseType"":"""",""unitId"":""8aae073b95dc292a0195e762c0a25ad0"",""updateTime"":1743343764000,""yearUsage"":0}],""id"":""8aae073b95dc292a0195e762c0a25ad0"",""isYazl"":""0"",""province"":""320000"",""riskId"":""2df01d2a965d4ac483c444c41b8bd865"",""riskLevel"":""D"",""riskName"":""（100309）储存场所易燃、可燃、有毒物料泄漏、燃烧"",""sValue"":0,""seqNo"":1,""subdistrict"":""320509105"",""unitName"":""危化品仓库"",""updateTime"":1743343764000,""uuitNo"":""91320509699369011M""}],""weihuaList"":[]}",admin,admin,2025-03-30 00:00:00.000,2025-03-30 00:00:00.000
2025-06-19 20:13:20.000,"7099c8dd48cb463bb9ab262ea36bf3cf",,SUPE_CORP_E,,,,,,,,0,,0,,0,,0,,0,,,,,,,,,,,"0",,b2371bad198a4874adc7055298e8e68d,,,,,,,,admin,admin,2023-01-12 00:00:00.000,2023-01-12 00:00:00.000
2025-06-19 20:13:23.000,"7099c9fda4ec47fe93660d385d017199",,SUPE_CORP_E,,,,,,,,0,,0,,0,,0,,0,,,,,,,,,,,"0",,e3a896ffec514929b8129fcc7310abf6,,,,,,,,admin,admin,2022-02-28 00:00:00.000,2022-02-28 00:00:00.000
2025-06-19 20:13:09.000,"7099eff093cc4a7e91382659fbc3f82e",,SUPE_CORP_E,,,,,,,,0,,0,,0,,0,,0,,,,,,,,,,,"0",,"3fb32eb4b64d4732ba0ed8fc17333c43",,,,,,,,admin,admin,2022-03-21 00:00:00.000,2022-03-21 00:00:00.000
2025-06-19 20:13:30.000,"709a2117847f4245bd84d00a6a6a9d89",,SUPE_CORP_E,,,,,,,,,,,,,,,,,,,,,,,,,,,"0",,ef7b69fc60394b179216893dbf53ac93,,,,,,,,admin,admin,2022-03-24 00:00:00.000,2022-03-24 00:00:00.000
2025-06-19 20:13:09.000,"709a4ae94cc04207a827a8bb98a3080e",,SUPE_CORP_E,,,,,,,,0,,0,,0,,0,,0,,,,,,,,,,,"0",,"3fdfb021d3364a40b25232f539584962",,,,,,,,admin,admin,2024-01-10 00:00:00.000,2024-01-10 00:00:00.000
2025-06-19 20:13:05.000,"709a8cd4f84144bc90565402c2f31f90",,SUPE_CORP_E,,,,,,,,0,,0,,0,,0,,0,,,,,,,,,,,"0",,"1030d813dd424909b61ff34d65781276",,,,,,,,admin,admin,2022-03-04 00:00:00.000,2022-03-04 00:00:00.000
2025-06-19 20:13:24.000,"709a90b294de42d483ce043c03c2050c",,SUPE_CORP_E,,,,,,,,0,,0,,0,,0,,0,,,,,,,,,,,"0",,e93ef35903f04bb5a5e02246174d9504,,,,,,,,admin,admin,2023-02-17 00:00:00.000,2023-02-17 00:00:00.000
2025-06-19 20:13:03.000,"709aff346cba4011a7371cf552f050b2",,SUPE_CORP_C,,,,,,,,0,,0,,0,,0,,0,,,,,,,,"1",,,"0",,"4720340963f34e6cb16a8179de293ddc",,,,"{""chulishebeiList"":[{""unitFour"":"""",""unitOne"":""蒸发装置"",""unitThree"":"""",""unitTwo"":""1""},{""unitFour"":"""",""unitOne"":""干燥机"",""unitThree"":"""",""unitTwo"":""1""},{""unitFour"":"""",""unitOne"":""RO装置"",""unitThree"":"""",""unitTwo"":""3""}],""ifzuoye"":""1"",""youxiankongjianNum"":""125""}",,,,admin,admin,2025-02-28 00:00:00.000,2025-02-28 00:00:00.000
2025-06-19 20:13:18.000,"709b51b2b4f24d06b253a747f4018325",,SUPE_CORP_E,,,,,,,,0,,0,,0,,0,,0,,,,,,,,,,,"0",,"9f155ae7230f4be9babeb43c01242c84",,,,,,,,admin,admin,2023-02-10 00:00:00.000,2023-02-10 00:00:00.000
2025-06-19 20:13:18.000,"709b80eab3764333a6d55ea46fa4b0d9",,SUPE_CORP_E,,,,,,,,0,,0,,0,,0,,0,,,,,,,,,,,"0",,a067e0c092744e0180d5070c72e7eebd,,,,,,,,admin,admin,2022-01-17 00:00:00.000,2022-01-17 00:00:00.000
2025-06-19 20:13:03.000,"709b81012f5948b69517c2f2cfcc1ebd",,SUPE_CORP_C,,,,,,,"{""dianluList"":[{""typeNum"":"""",""typeSpec"":""""}],""gaoluList"":[{""typeNum"":"""",""typeSpec"":""""}],""meiqiList"":[{""typeNum"":"""",""typeSpec"":""""}],""zhuanluList"":[{""typeNum"":"""",""typeSpec"":""""}]}",0,,0,,0,,,,0,,"{""gudingshiList"":[{""typeNum"":"""",""typeSpec"":""""}],""qidongshiList"":[{""typeNum"":"""",""typeSpec"":""""}]}",,,,,,,,,"0",,"131a79f448114fdebc2dd23d5b511aff",,,,"{""chulishebeiList"":[{""unitOne"":""污水处理"",""unitThree"":"""",""unitTwo"":""1""}],""ifzuoye"":""0"",""youxiankongjianNum"":""7""}",,,,admin,admin,2024-01-18 00:00:00.000,2024-01-18 00:00:00.000
2025-06-19 20:13:21.000,"709b8ab3fec440429c77023b194df171",,SUPE_CORP_E,,,,,,,,0,,0,,0,,0,,0,,,,,,,,,,,"0",,c8576ab3b68941668438624bf67dbd58,,,,,,,,admin,admin,2024-01-22 00:00:00.000,2024-01-22 00:00:00.000
2025-06-19 20:13:11.000,"0e0a87cd89314f0e930c8e9977ad436c",,SUPE_CORP_E,,,,,,,,0,,0,,0,,0,,0,,,,,,,,,,,"0",,"60828d488eb74644a68197cdcc74e434",,,,,,,,admin,admin,2023-02-24 00:00:00.000,2023-02-24 00:00:00.000
2025-06-19 20:13:04.000,"0e0a947443214159a4e28c071244e99d",,SUPE_CORP_E,,,,,,,,0,,0,,0,,0,,0,,,,,,,,,,,"0",,"0456a1044576493393e667ab507ab5a8",,,,,,,,admin,admin,2025-01-07 00:00:00.000,2025-01-07 00:00:00.000
2025-06-19 20:13:19.000,"44c780accfd34453828300dd3f751581",,SUPE_CORP_E,,,,,,,,0,,0,,0,,0,,0,,,,,,,,,,,"0",,a7332bf2c91e4887ab726ed94cc5d08d,,,,,,,,admin,admin,2025-03-20 00:00:00.000,2025-03-20 00:00:00.000
2025-06-19 20:13:31.000,"44c7dad4f6eb45549af86661c78ac1c1",,SUPE_CORP_H,,,,,,,"{""dianluList"":[{""typeNum"":"""",""typeSpec"":""""}],""gaoluList"":[{""typeNum"":"""",""typeSpec"":""""}],""meiqiList"":[{""typeNum"":"""",""typeSpec"":""""}],""zhuanluList"":[{""typeNum"":"""",""typeSpec"":""""}]}",0,,0,,0,,0,,0,,"{""gudingshiList"":[{""typeNum"":"""",""typeSpec"":""""}],""qidongshiList"":[{""typeNum"":"""",""typeSpec"":""""}]}",,,,,,,,,"0",,e5d19d8375894d8a83f4bc052952f6d7,,,,,,,"{""weihuaList"":[{""anzhilengList"":[],""anzhilengNum"":""0"",""casma"":""7664-93-9"",""cunchufangshi"":[""1"",""3""],""ifanzhileng"":""0"",""nianshiyongliang"":""1"",""weihuaName"":""硫酸"",""weihuaState"":""0"",""weihuachuliang"":""1.5"",""weihuayongtu"":[""1"",""3""],""weixianxing"":""腐蚀""},{""anzhilengList"":[],""anzhilengNum"":""0"",""casma"":""7664-93-9"",""cunchufangshi"":[""3""],""ifanzhileng"":""0"",""nianshiyongliang"":""30"",""weihuaName"":""盐酸"",""weihuaState"":""0"",""weihuachuliang"":""12"",""weihuayongtu"":[""100""],""weixianxing"":""腐蚀""},{""anzhilengList"":[],""anzhilengNum"":""0"",""casma"":""64-17-5"",""cunchufangshi"":[""3""],""ifanzhileng"":""0"",""nianshiyongliang"":""750"",""weihuaName"":""酒精"",""weihuaState"":""0"",""weihuachuliang"":""250"",""weihuayongtu"":[""100""],""weixianxing"":""易燃物质""},{""anzhilengList"":[],""anzhilengNum"":""0"",""casma"":""1310-73-2"",""cunchufangshi"":[""3""],""ifanzhileng"":""0"",""nianshiyongliang"":""10"",""weihuaName"":""氢氧化钠"",""weihuaState"":""1"",""weihuachuliang"":""0"",""weihuayongtu"":[""100""],""weixianxing"":""腐蚀""},{""anzhilengList"":[],""anzhilengNum"":""0"",""casma"":""7697-37-2"",""cunchufangshi"":[""3""],""ifanzhileng"":""0"",""nianshiyongliang"":""0.5"",""weihuaName"":""硝酸"",""weihuaState"":""0"",""weihuachuliang"":""39.5"",""weihuayongtu"":[""100""],""weixianxing"":""腐蚀、易爆、中毒""}]}",admin,admin,2022-01-18 00:00:00.000,2022-01-18 00:00:00.000
2025-06-19 20:13:19.000,"44c82aeab9d54cf0b31204d5d7c2b245",,SUPE_CORP_E,,,,,,,,0,,0,,0,,0,,0,,,,,,,,,,,"0",,ad47731899d74132be41181d48e7c7e3,,,,,,,,admin,admin,2024-02-21 00:00:00.000,2024-02-21 00:00:00.000
2025-06-19 20:13:25.000,"44c8748e025f4de09501c021327c9115",,SUPE_CORP_E,,,,,,,,0,,0,,0,,0,,0,,,,,,,,,,,"0",,f31ff6a43ec64cff85d835d1efc83a0e,,,,,,,,admin,admin,2025-01-13 00:00:00.000,2025-01-13 00:00:00.000
2025-06-19 20:13:06.000,"44c88059b6e24d6b81428c60e9a93cd8",,SUPE_CORP_E,,,,,,,,0,,0,,0,,0,,0,,,,,,,,,,,"0",,"15636bde23d64df3bb10e3ea7d53abd4",,,,,,,,admin,admin,2022-03-04 00:00:00.000,2022-03-04 00:00:00.000
2025-06-19 20:13:24.000,"44c8afc2f883450383f2169d038507f9",,SUPE_CORP_E,,,,,,,,0,,0,,0,,0,,0,,,,,,,,,,,"0",,eaba3f408c3f43b29bccc3687060fc1a,,,,,,,,admin,admin,2025-03-20 00:00:00.000,2025-03-20 00:00:00.000
2025-06-19 20:13:22.000,"44c8b9978a484cd19955005b1b72c622",,SUPE_CORP_E,,,,,,,,0,,0,,0,,0,,0,,,,,,,,,,,"0",,d1813139ae11443bb2fcb08c0a304aa3,,,,,,,,admin,admin,2022-02-16 00:00:00.000,2022-02-16 00:00:00.000
2025-06-19 20:13:07.000,"44c8cfcd86f64153bdc04093c4ecd9dc",,SUPE_CORP_E,,,,,,,,0,,0,,0,,0,,0,,,,,,,,,,,"0",,"256a0c50918b43dabc2c0b6010c2e082",,,,,,,,admin,admin,2023-03-22 00:00:00.000,2023-03-22 00:00:00.000
2025-06-19 20:13:24.000,"44c8e1ee411e46028b13ee96ff32cf26",,SUPE_CORP_E,,,,,,,,0,,0,,0,,0,,0,,,,,,,,,,,"0",,ee796350a75049aaa2abd5c7dec0ee24,,,,,,,,admin,admin,2022-02-11 00:00:00.000,2022-02-11 00:00:00.000
2025-06-19 20:13:21.000,"44c94112e97c436cb110bcf17ca38da1",,SUPE_CORP_E,,,,,,,,0,,0,,0,,0,,0,,,,,,,,,,,"0",,c36ad4616a574e86954d3185fdde438a,,,,,,,,admin,admin,2023-02-07 00:00:00.000,2023-02-07 00:00:00.000
2025-06-19 20:13:00.000,"44c947ef9a0c4eb2ac2e4d161b9665c2",,SUPE_CORP_C,,,,,,,"{""dianluList"":[{""typeNum"":"""",""typeSpec"":""""}],""gaoluList"":[{""typeNum"":"""",""typeSpec"":""""}],""meiqiList"":[{""typeNum"":"""",""typeSpec"":""""}],""zhuanluList"":[{""typeNum"":"""",""typeSpec"":""""}]}",0,,0,,0,,0,,0,,"{""gudingshiList"":[{""typeNum"":"""",""typeSpec"":""""}],""qidongshiList"":[{""typeNum"":"""",""typeSpec"":""""}]}",,,,,,,,,"0",,"98a819a4089c439bb7556884f9f117ca",,,,"{""chulishebeiList"":[{""unitOne"":""/"",""unitThree"":"""",""unitTwo"":""0""}],""ifzuoye"":""0"",""youxiankongjianNum"":""2""}",,,,admin,admin,2022-01-07 00:00:00.000,2022-01-07 00:00:00.000
2025-06-19 20:13:09.000,"44c9b5dd75ef43d1965ce1f02ee5228b",,SUPE_CORP_E,,,,,,,,0,,0,,0,,0,,0,,,,,,,,,,,"0",,"476c6abbd23948c89d0dd1488f7f853c",,,,,,,,admin,admin,2022-01-25 00:00:00.000,2022-01-25 00:00:00.000
2025-06-19 20:13:24.000,"44c9bef9a6b249cc9552768815e730fb",,SUPE_CORP_E,,,,,,,,0,,0,,0,,0,,0,,,,,,,,,,,"0",,e47d433fec7249aeaf3936ab9f47afd7,,,,,,,,admin,admin,2022-01-12 00:00:00.000,2022-01-12 00:00:00.000
2025-06-19 20:13:00.000,"44c9e41df9b54924b0bcd853f68e014e",,SUPE_CORP_C,,,,,,,"{""dianluList"":[{""typeNum"":"""",""typeSpec"":""""}],""gaoluList"":[{""typeNum"":"""",""typeSpec"":""""}],""meiqiList"":[{""typeNum"":"""",""typeSpec"":""""}],""zhuanluList"":[{""typeNum"":"""",""typeSpec"":""""}]}",0,,0,,0,,0,,0,,"{""gudingshiList"":[{""typeNum"":"""",""typeSpec"":""""}],""qidongshiList"":[{""typeNum"":"""",""typeSpec"":""""}]}",,,,,,,,,"0",,d8e8cc9225274b62bc23e62c0d8a00af,,,,"{""chulishebeiList"":[{""unitOne"":""0301"",""unitThree"":"""",""unitTwo"":""1""}],""ifzuoye"":""1"",""youxiankongjianNum"":""1""}",,,,admin,admin,2022-01-14 00:00:00.000,2022-01-14 00:00:00.000
2025-06-19 20:13:19.000,"44ca30c9e0a04159ae5dbd2ce72eee8d",,SUPE_CORP_E,,,,,,,,0,,0,,0,,0,,0,,,,,,,,,,,"0",,aef1f042a6f3458cb38f45d0ee2e9b44,,,,,,,,admin,admin,2022-02-25 00:00:00.000,2022-02-25 00:00:00.000
2025-06-19 20:13:06.000,"44ca44a5ec0d45b88929c84bfc420486",,SUPE_CORP_E,,,,,,,,0,,0,,0,,0,,0,,,,,,,,,,,"0",,"157a22d1be674c8a91eef92c94f91019",,,,,,,,admin,admin,2025-02-26 00:00:00.000,2025-02-26 00:00:00.000
2025-06-19 20:13:19.000,"44ca7c325ec34123ab2ea62eed694711",,SUPE_CORP_E,,,,,,,,0,,0,,0,,0,,0,,,,,,,,,,,"0",,ab3034d91424423282a9369a19ff39d6,,,,,,,,admin,admin,2024-01-10 00:00:00.000,2024-01-10 00:00:00.000
2025-06-19 20:13:02.000,"44cadac76176436f9da3ccd997323311",,SUPE_CORP_C,,,,,,,,0,,0,,0,,0,,0,,,,,,,,,,,"0",,"0403bf2d234344c089552e09e5a50722",,,,"{""chulishebeiList"":[{""unitFour"":"""",""unitOne"":""调节池"",""unitThree"":"""",""unitTwo"":""1""},{""unitFour"":"""",""unitOne"":""预酸化调节池"",""unitThree"":"""",""unitTwo"":""2""},{""unitFour"":"""",""unitOne"":""沉淀池"",""unitThree"":"""",""unitTwo"":""2""}],""ifzuoye"":""1"",""youxiankongjianNum"":""12""}",,,,admin,admin,2024-01-11 00:00:00.000,2024-01-11 00:00:00.000
2025-06-19 20:13:30.000,"44caf7f8d74d414999a5167022628052",,SUPE_CORP_E,,,,,,,,,,,,,,,,,,,,,,,,,,,"0",,afc3d7d2fccd4e86b94fe28bf361a152,,,,,,,,admin,admin,2025-03-03 00:00:00.000,2025-03-03 00:00:00.000
2025-06-19 20:13:21.000,"44caf8df95704ab28fa101ffc9a3a88a",,SUPE_CORP_E,,,,,,,,0,,0,,0,,0,,0,,,,,,,,,,,"0",,c50f1e77abd34f99bbc0d04353c5a7be,,,,,,,,admin,admin,2022-02-08 00:00:00.000,2022-02-08 00:00:00.000
2025-06-19 20:13:25.000,"44cb00716d0b49c8af836f9fd6aa3956",,SUPE_CORP_E,,,,,,,,0,,0,,0,,0,,0,,,,,,,,,,,"0",,f778e99c3aba4bf78add2e55cc1fa257,,,,,,,,admin,admin,2022-03-13 00:00:00.000,2022-03-13 00:00:00.000
2025-06-19 20:13:05.000,"0e0aa81addec4bbe91973e324617c2fc",,SUPE_CORP_E,,,,,,,,0,,0,,0,,0,,0,,,,,,,,,,,"0",,"1477999b38a74f589c8d76facd187f2c",,,,,,,,admin,admin,2024-02-29 00:00:00.000,2024-02-29 00:00:00.000
2025-06-19 20:13:04.000,"0e0ab5babce94c69a8d0b5a2c092acae",,SUPE_CORP_E,,,,,,,,0,,0,,0,,0,,0,,,,,,,,,,,"0",,"01d1443014f24d35b5ef2ee21117cfd1",,,,,,,,admin,admin,2024-01-05 00:00:00.000,2024-01-05 00:00:00.000
2025-06-19 20:13:17.000,"0e0ab9720a44427e9b180f3c0599a76f",,SUPE_CORP_E,,,,,,,,0,,0,,0,,0,,0,,,,,,,,,,,"0",,"8ae721220f1d4b948b7e1ea3ee38c556",,,,,,,,admin,admin,2023-03-13 00:00:00.000,2023-03-13 00:00:00.000
2025-06-19 20:13:25.000,"0e0ac6dc8e584210876f4801e05a4780",,SUPE_CORP_E,,,,,,,,0,,0,,0,,0,,0,,,,,,,,,,,"0",,f9ab68fd496144448d9733dd42d67e1b,,,,,,,,admin,admin,2024-01-05 00:00:00.000,2024-01-05 00:00:00.000
2025-06-19 20:13:14.000,"0e0ade2d7523496e94ad86e62daf5010",,SUPE_CORP_E,,,,,,,,0,,0,,0,,0,,0,,,,,,,,,,,"0",,"85adab5d94c04edbbe69e3728ae5f68d",,,,,,,,admin,admin,2025-02-13 00:00:00.000,2025-02-13 00:00:00.000
2025-06-19 20:12:59.000,"0e0b0e945c3e4bf7807c7fc696e3ea6d",,SUPE_CORP_B,,,,,,,,0,,0,,0,,0,,0,,,,,,,,,,,"0",,fde615f2cac4450eab06c9f88868aeea,,,"{""danbanzuoyerenyuan"":""1"",""fenchenliang"":""10"",""fenchenzhonglei"":[""DUST_TYPE_08""],""ganshichuchenxitong"":""1"",""jindianji"":""1"",""mufenchenji"":""0"",""paoguangji"":"""",""pgssytj"":""0"",""pwpsj"":""2"",""qitazhonglei"":"""",""sfzyrs"":""3"",""shishichuchenxitong"":""1""}",,,,,admin,admin,2023-02-17 00:00:00.000,2023-02-17 00:00:00.000
2025-06-19 20:13:09.000,"0e0b43051b744c18b324f2078e96c469",,SUPE_CORP_E,,,,,,,,0,,0,,0,,0,,0,,,,,,,,,,,"0",,"46b1bacb11674891a9d9d97b8f780ca7",,,,,,,,admin,admin,2022-02-19 00:00:00.000,2022-02-19 00:00:00.000
2025-06-19 20:13:17.000,"70ce2361a5034d2e976b76cb7f4951da",,SUPE_CORP_E,,,,,,,,0,,0,,0,,0,,0,,,,,,,,,,,"0",,"8d340f24125c407d8c56157a5bc04712",,,,,,,,admin,admin,2024-03-01 00:00:00.000,2024-03-01 00:00:00.000
2025-06-19 20:13:26.000,"4598cd793c3944cf8df7f658969afba3",,SUPE_CORP_E,,,,,,,,,,,,,,,,,,,,,,,,,,,"0",,"87573a8684444460a137fd140325fc44",,,,,,,,admin,admin,2023-01-11 00:00:00.000,2023-01-11 00:00:00.000
