"时间戳","管理类别名称","主要事故类别","风险点","备注","管理类别编码","主键ID","风险代码","风险名称","创建人","修改人","创建时间","修改时间","排序","删除标识"
2026-03-16 19:04:07.000,（01）非煤矿山,冒顶片帮,工程地质条件中等及复杂矿段,,"01","202012301114001 ","0101",（金属非金属地下矿山）矿井工程地质条件中等及复杂环境下采矿,,,,,101,"0"
2026-03-16 19:04:07.000,（01）非煤矿山,冒顶片帮、物体打击、中毒和窒息,采场或掘进工作面，有漏、渗、滴水的高含硫采场,,"01","202012301114002 ","0102",（金属非金属地下矿山）空场法、崩落法、充填法采矿，高硫矿采矿,,,,,102,"0"
2026-03-16 19:04:07.000,（01）非煤矿山,冒顶片帮、物体打击、高处坠落,凿岩、天井、溜井施工点、天井、溜井上、下井口,,"01","202012301114003 ","0103",（金属非金属地下矿山）采掘凿岩、天井、溜井作业,,,,,103,"0"
2026-03-16 19:04:07.000,（01）非煤矿山,透水、冒顶片帮、物体打击,井底车场、主要大巷、行人巷道、采掘工作面,,"01","202012301114004 ","0104",（金属非金属地下矿山）保安矿柱、防水矿柱、采场矿柱、隔离矿柱未按设计留置,,,,,104,"0"
2026-03-16 19:04:07.000,（01）非煤矿山,坍塌,矿井单个采空区≥0.5万m3、连续采空区≥5万m3地段、采场、掘进工作面,,"01","202012301114005 ","0105",（金属非金属地下矿山）采空区治理不及时,,,,,105,"0"
2026-03-16 19:04:07.000,（01）非煤矿山,冒顶片帮,采场工作面、掘进工作面、采空区,,"01","202012301114006 ","0106",（金属非金属地下矿山）采深达500m以下，严重地压倾向,,,,,106,"0"
2026-03-16 19:04:07.000,（01）非煤矿山,坍塌、高处坠落、透水,地表塌陷区,,"01","202012301114007 ","0107",（金属非金属地下矿山）存在地表塌陷坑,,,,,107,"0"
2026-03-16 19:04:07.000,（01）非煤矿山,高处坠落、物体打击,主井、副井、回风井、中段及采场进风（回风）道的行人出口,,"01","202012301114008 ","0108",（金属非金属地下矿山）矿井、中段、采场安全出口与设计不符,,,,,108,"0"
2026-03-16 19:04:07.000,（01）非煤矿山,透水、淹溺,有地表水及强雨水倒灌井下矿井；矿井主要大巷、水泵房、矿井中段水平、采场,,"01","202012301114009 ","0109",（金属非金属地下矿山）矿井水文地质条件中等及复杂环境下开采,,,,,109,"0"
2026-03-16 19:04:07.000,（01）非煤矿山,透水,接近水体的地带或可能与水体有联系的采掘工作面,,"01","202012301114010 ","0110",（金属非金属地下矿山）存在突水威胁区域或可疑区域,,,,,110,"0"
2026-03-16 19:04:07.000,（01）非煤矿山,物体打击、高处坠落、机械伤害,单罐提升3人及以上的提升系统,,"01","202012301114011 ","0111",（金属非金属地下矿山）竖井提升设备选型及使用不规范,,,,,111,"0"
2026-03-16 19:04:07.000,（01）非煤矿山,高处坠落、火灾、物体打击,升降人员的竖井提升系统、井巷掘进施工时的箕斗提升、有人员通行的斜井、斜坡道、变配电室、主要大巷,,"01","202012301114012 ","0112",（金属非金属地下矿山）提升、运输机电设备未设置保护与闭锁装置，检测不到位,,,,,112,"0"
2026-03-16 19:04:07.000,（01）非煤矿山,车辆伤害、物体打击,轨道运输机道、井底车场、调车场,,"01","202012301114013 ","0113",（金属非金属地下矿山）运输巷道尺寸不够,,,,,113,"0"
2026-03-16 19:04:07.000,（01）非煤矿山,触电、火灾、灼烫,升降人员提升机房、地面变电所、供电线路,,"01","202012301114014 ","0114",（金属非金属地下矿山）供电线路、电气设备使用维护不到位,,,,,114,"0"
2026-03-16 19:04:07.000,（01）非煤矿山,触电、火灾、中毒和窒息,井下变（配）电硐室、采区变电室、供电线路,,"01","202012301114015 ","0115",（金属非金属地下矿山）井下油浸式变压器、电气设备、井下接地网检测维护不及时,,,,,115,"0"
2026-03-16 19:04:07.000,（01）非煤矿山,中毒和窒息,回风巷道、未封闭的采空区、井下独头巷道、通风不良的采掘进工作面,,"01","202012301114016 ","0116",（金属非金属地下矿山）通风设备、设施运行不正常,,,,,116,"0"
2026-03-16 19:04:07.000,（01）非煤矿山,火药爆炸,井下爆破器材库、巷道,,"01","202012301114017 ","0117",（金属非金属地下矿山）存储、运输爆破器材,,,,,117,"0"
2026-03-16 19:04:07.000,（01）非煤矿山,放炮,爆破作业点,,"01","202012301114018 ","0118",（金属非金属地下矿山）采掘装药、爆破作业不合规定,,,,,118,"0"
2026-03-16 19:04:07.000,（01）非煤矿山,透水、冒顶片帮、中毒和窒息,井下,,"01","202012301114019 ","0119",（金属非金属地下矿山）井下单班作业人数30人及以上,,,,,119,"0"
2026-03-16 19:04:07.000,（01）非煤矿山,坍塌、高处坠落,凹陷式开采的采场,,"01","202012301114020 ","0120",（金属非金属露天矿山）高度200m及以上的边坡,,,,,120,"0"
2026-03-16 19:04:07.000,（01）非煤矿山,坍塌、高处坠落、物体打击,采场内高陡边坡块段,,"01","202012301114021 ","0121",（金属非金属露天矿山）采场高陡边坡,,,,,121,"0"
2026-03-16 19:04:07.000,（01）非煤矿山,坍塌、物体打击,采装作业带,,"01","202012301114022 ","0122",（金属非金属露天矿山）工作帮坡角、台阶设置与设计不符,,,,,122,"0"
2026-03-16 19:04:07.000,（01）非煤矿山,坍塌、高处坠落、机械伤害,危险级、病级排土场,,"01","202012301114023 ","0123",（金属非金属露天矿山）排土场未进行规范设计,,,,,123,"0"
2026-03-16 19:04:07.000,（01）非煤矿山,坍塌、高处坠落,受大气降水和地下水渗泡的边坡,,"01","202012301114024 ","0124",（金属非金属露天矿山）含水岩体块段检查不及时,,,,,124,"0"
2026-03-16 19:04:07.000,（01）非煤矿山,放炮、火药爆炸,爆破作业及警戒范围内,,"01","202012301114025 ","0125",（金属非金属露天矿山）采场爆破管理不到位,,,,,125,"0"
2026-03-16 19:04:07.000,（01）非煤矿山,中毒和窒息、高处坠落,破碎系统胶带运输走廊,,"01","202012301114026 ","0126",（金属非金属露天矿山）胶带运输检测、管理不到位,,,,,126,"0"
2026-03-16 19:04:07.000,（01）非煤矿山,淹溺、触电,采场周边防洪沟、采场内集水坑,,"01","202012301114027 ","0127",（金属非金属露天矿山）排水设备配备不足、防洪设施损毁,,,,,127,"0"
2026-03-16 19:04:07.000,（01）非煤矿山,坍塌,尾矿坝下游1km范围内有学校、工厂、居民区等人员聚集场所、公路、铁路、重要水源等重要设施,,"01","202012301114028 ","0128",（尾矿库）头顶库,,,,,128,"0"
2026-03-16 19:04:07.000,（01）非煤矿山,坍塌,库区、尾矿坝,,"01","202012301114029 ","0129",（尾矿库）危库、险库、病库,,,,,129,"0"
2026-03-16 19:04:07.000,（01）非煤矿山,坍塌,尾矿坝,,"01","202012301114030 ","0130",（尾矿库）坝体有贯穿性横向裂缝、较大范围管涌、流土变形、深层滑动迹象,,,,,130,"0"
2026-03-16 19:04:07.000,（01）非煤矿山,坍塌,坝体未按设计要求和标准规范进行采、挖、爆破的相关部位,,"01","202012301114031 ","0131",（尾矿库）筑坝方式不正确,,,,,131,"0"
2026-03-16 19:04:07.000,（01）非煤矿山,坍塌,库区干滩高程、干滩长度超标的部位,,"01","202012301114032 ","0132",（尾矿库）尾矿排放不正确,,,,,132,"0"
2026-03-16 19:04:07.000,（15）民爆,火药爆炸,起爆药中转库,,"15","202112301124260","1511",起爆药出入库,,,,,1511,"0"
2026-03-16 19:04:07.000,（01）非煤矿山,坍塌,库区预埋排渗设施、浸润线段,,"01","202012301114033 ","0133",（尾矿库）库区浸润线、排渗设施未按设计埋设,,,,,133,"0"
2026-03-16 19:04:07.000,（01）非煤矿山,坍塌,库区、周边防洪设施,,"01","202012301114034 ","0134",（尾矿库）排洪系统构筑物堵塞或损坏,,,,,134,"0"
2026-03-16 19:04:07.000,（01）非煤矿山,火药爆炸,井口,,"01","202012301114035 ","0135",（陆上石油天然气开采）陆上石油勘探,,,,,135,"0"
2026-03-16 19:04:07.000,（01）非煤矿山,火灾、其他爆炸,钻井井口、井口附近500m,,"01","202012301114036 ","0136",（陆上石油天然气开采）高压油气井钻探、开采,,,,,136,"0"
2026-03-16 19:04:07.000,（01）非煤矿山,中毒和窒息,井口、井场及周边,,"01","202012301114037 ","0137",（陆上石油天然气开采）含硫化氢油气井开采,,,,,137,"0"
2026-03-16 19:04:07.000,（01）非煤矿山,其他伤害,测井施工现场,,"01","202012301114038 ","0138",（陆上石油天然气开采）放射源遗失,,,,,138,"0"
2026-03-16 19:04:07.000,（01）非煤矿山,火灾、其他爆炸,油气储罐、集输管道及周边,,"01","202012301114039 ","0139",油气站库、集输管道泄漏,,,,,139,"0"
2026-03-16 19:04:07.000,（01）非煤矿山,高处坠落、物体打击,钻井、修井施工现场,,"01","202012301114040 ","0140",油、气井平台施工作业,,,,,140,"0"
2026-03-16 19:04:07.000,（01）非煤矿山,其他,,,"01","202012301114041 ","0199",经企业辨识后确定为较大以上的其他风险,,,,,199,"0"
2026-03-16 19:04:07.000,（02）化工、医药,火灾、其他爆炸、中毒和窒息,光气合成及光气化产品生产单元；一氧化碳制备单元；氯气制备、储运单元；光气及光气化产品储运单元；装置开停车,,"02","202012301114042 ","0201",光气及光气化工艺,,,,,201,"0"
2026-03-16 19:04:07.000,（02）化工、医药,火灾、其他爆炸、中毒和窒息,电解单元；氯氢处理单元或场所；液氯、氢气充装、储存场所；装置开停车,,"02","202012301114043 ","0202",电解（氯碱）工艺,,,,,202,"0"
2026-03-16 19:04:07.000,（02）化工、医药,火灾、其他爆炸、中毒和窒息,氯化单元；液氯储运单元；装置开停车,,"02","202012301114044 ","0203",氯化工艺,,,,,203,"0"
2026-03-16 19:04:07.000,（02）化工、医药,火灾、其他爆炸、中毒和窒息、灼烫,硝化单元；分离单元；装置开停车,,"02","202012301114045 ","0204",硝化工艺,,,,,204,"0"
2026-03-16 19:04:07.000,（02）化工、医药,火灾、其他爆炸、中毒和窒息、灼烫,气化单元；净化单元；合成单元；氨储存单元；空分单元；液氧储存单元；装置开停车,,"02","202012301114046 ","0205",合成氨工艺,,,,,205,"0"
2026-03-16 19:04:07.000,（02）化工、医药,火灾、其他爆炸、中毒和窒息、灼烫,裂解（裂化）单元；制冷系统；压缩单元；引风系统；分离单元；装置开停车,,"02","202012301114047 ","0206",裂解（裂化）工艺,,,,,206,"0"
2026-03-16 19:04:07.000,（02）化工、医药,火灾、其他爆炸、中毒和窒息、灼烫,氟化单元；氟化剂储运单元；装置开停车,,"02","202012301114048 ","0207",氟化工艺,,,,,207,"0"
2026-03-16 19:04:07.000,（02）化工、医药,火灾、其他爆炸、中毒和窒息,加氢单元；氢气压缩单元；氢气储存单元；装置开停车,,"02","202012301114049 ","0208",加氢工艺,,,,,208,"0"
2026-03-16 19:04:07.000,（02）化工、医药,火灾、其他爆炸、中毒和窒息,重氮化单元；后处理系统；装置开停车,,"02","202012301114050 ","0209",重氮化工艺,,,,,209,"0"
2026-03-16 19:04:07.000,（02）化工、医药,火灾、其他爆炸、中毒和窒息,氧化单元；装置开停车,,"02","202012301114051 ","0210",氧化工艺,,,,,210,"0"
2026-03-16 19:04:07.000,（02）化工、医药,火灾、其他爆炸、中毒和窒息,过氧化单元；过氧化剂储运单元；装置开停车,,"02","202012301114052 ","0211",过氧化工艺,,,,,211,"0"
2026-03-16 19:04:07.000,（02）化工、医药,火灾、其他爆炸、中毒和窒息、灼烫,胺基化单元；液氨储运单元；装置开停车,,"02","202012301114053 ","0212",胺基化工艺,,,,,212,"0"
2026-03-16 19:04:07.000,（02）化工、医药,火灾、其他爆炸、中毒和窒息、灼烫,磺化单元；装置开停车,,"02","202012301114054 ","0213",磺化工艺,,,,,213,"0"
2026-03-16 19:04:07.000,（02）化工、医药,火灾、其他爆炸、中毒和窒息,聚合单元；粉体聚合物储存单元；烷基铝类催化剂配制和储存单元；装置开停车,,"02","202012301114055 ","0214",聚合工艺,,,,,214,"0"
2026-03-16 19:04:07.000,（02）化工、医药,火灾、其他爆炸、中毒和窒息,烷基化单元；烷基化催化剂储存单元；装置开停车,,"02","202012301114056 ","0215",烷基化工艺,,,,,215,"0"
2026-03-16 19:04:07.000,（02）化工、医药,火灾、其他爆炸、中毒和窒息,煤气化单元；变换单元；净化单元；合成和转化单元；可燃气体压缩机；产物分离单元；产品储运单元；空分单元；装置开停车,,"02","202012301114057 ","0216",新型煤化工工艺,,,,,216,"0"
2026-03-16 19:04:07.000,（02）化工、医药,火灾、其他爆炸、中毒和窒息,偶氮化单元；后处理单元；装置开停车,,"02","202012301114058 ","0217",偶氮化工艺,,,,,217,"0"
2026-03-16 19:04:07.000,（02）化工、医药,火灾、其他爆炸、中毒和窒息,格氏反应单元；格式试剂配制和储存单元；装置开停车,,"02","202012301114059 ","0218",格氏反应工艺,,,,,218,"0"
2026-03-16 19:04:07.000,（02）化工、医药,火灾、其他爆炸、中毒和窒息,危险化学品重大危险源生产单元和储存单元,,"02","202012301114060 ","0219",危险化学品重大危险源,,,,,219,"0"
2026-03-16 19:04:07.000,（02）化工、医药,火灾、其他爆炸、中毒和窒息,涉及“两重点一重大”的危险化学品建设项目,,"02","202012301114061 ","0220",危化品建设项目试生产,,,,,220,"0"
2026-03-16 19:04:07.000,（02）化工、医药,火灾、其他爆炸、中毒和窒息,甲、乙类火灾危险性的生产装置、储存设施、包装场所；毒性气体或剧毒液体生产装置、储存设施、包装场所,,"02","202012301114062 ","0221",固定作业人数3人以上的具有火灾爆炸和中毒危险性的独栋厂房,,,,,221,"0"
2026-03-16 19:04:07.000,（02）化工、医药,火灾、其他爆炸、中毒和窒息,一级动火区域；特殊动火区域,,"02","202012301114063 ","0222",易燃易爆场所动火作业,,,,,222,"0"
2026-03-16 19:04:07.000,（02）化工、医药,火灾、其他爆炸、中毒和窒息,涉及反应器、塔、釜、槽、罐、炉膛、锅筒、管道以及地下室、窨井、坑(池)、下水道或其他封闭、半封闭场所的生产单元和储存单元,,"02","202012301114064 ","0223",受限空间作业,,,,,223,"0"
2026-03-16 19:04:07.000,（02）化工、医药,火灾、其他爆炸,硝化废料贮存仓库；硝化废料贮存场所,,"02","202012301114065 ","0224",涉及硝化废料储存,,,,,224,"0"
2026-03-16 19:04:07.000,（02）化工、医药,火灾、其他爆炸、中毒和窒息,可燃气体装卸场所；易燃液体装卸场所；液化烃装卸场所；剧毒液体装卸场所；毒性气体装卸场所；厂内易燃易爆有毒危险化学品车辆停放场所,,"02","202012301114066 ","0225",易燃易爆有毒危险化学品装卸及实载运输车辆停放,,,,,225,"0"
2026-03-16 19:04:07.000,（02）化工、医药,火灾、其他爆炸、中毒和窒息,输送易燃易爆、有毒危险化学品的厂际输送管道；跨越化工园区外公共场所的厂际输送管道,,"02","202012301114067 ","0226",厂际危险化学品输送管道,,,,,226,"0"
2026-03-16 19:04:07.000,（02）化工、医药,火灾、其他爆炸、中毒和窒息,在生产、加工、处理、转运或贮存过程中出现或可能出现可燃性粉尘与空气形成爆炸性粉尘混合物的场所,,"02","202012301114068 ","0227",涉及粉尘爆炸场所,,,,,227,"0"
2026-03-16 19:04:07.000,（02）化工、医药,其他,,,"02","202012301114069 ","0299",经企业辨识后确定为较大以上的其他风险,,,,,299,"0"
2026-03-16 19:04:07.000,（1003）冶金等工贸行业通用,中毒和窒息、其他爆炸,《工贸企业有限空间重点监管目录》中列举和国家明确规定的有限空间，如：污水收集处理池（井、罐）、发酵腌制池（罐）、环保设备设施（除尘器舱室、活性炭箱）,,"1003","202012301114070 ","100301",有限空间作业,,,,,301,"0"
2026-03-16 19:04:07.000,（1003）冶金等工贸行业通用,火灾、其他爆炸、中毒和窒息,储氨罐、蒸发器、压缩机、冷凝器、节流阀、氨气管道等,,"1003","202012301114071 ","100302",液氨制冷系统氨泄漏,,,,,302,"0"
2026-03-16 19:04:07.000,（1003）冶金等工贸行业通用,其他爆炸、火灾,涉及可燃性粉尘的场所或设备，如：封闭煤堆场、产尘车间爆炸危险区域、粉尘存放场所、集（除）尘系统、气力输送系统、料仓、提升机、粉碎机、散装集尘车,,"1003","202012301114072 ","100303",可燃性粉尘积聚,,,,,303,"0"
2026-03-16 19:04:07.000,（1003）冶金等工贸行业通用,坍塌,公称直径≥30m或公称容积≥10000m3的储罐,,"1003","202012301114073 ","100304",污水罐等大型储罐破裂、泄漏,,,,,304,"0"
2026-03-16 19:04:07.000,（1003）冶金等工贸行业通用,火灾、其他爆炸、中毒和窒息,燃气储存、输送、使用设施，燃气调压站，液化气瓶，汇流排等,,"1003","202012301114074 ","100305",燃气储存、输送、使用设施燃气泄漏,,,,,305,"0"
2026-03-16 19:04:07.000,（1003）冶金等工贸行业通用,起重伤害,起重设备，临水的码头吊、龙门吊，流动式起重机，行车、电动葫芦等吊装设备,,"1003","202012301114075 ","100306",起重吊装作业,,,,,306,"0"
2026-03-16 19:04:07.000,（1003）冶金等工贸行业通用,锅炉爆炸、其他爆炸,中压及以上锅炉（P≥2.5MPa且T≥400℃）的炉体、管线,,"1003","202012301114076 ","100307",锅炉系统爆裂、泄漏,,,,,307,"0"
2026-03-16 19:04:07.000,（1003）冶金等工贸行业通用,锅炉爆炸、火灾,导热油炉、闭式导热油循环管路、循环泵、模温机（使用导热油为载体）,,"1003","202012301114077 ","100308",导热油炉超压、漏油，导热油循环系统超压、漏油、积碳积焦,,,,,308,"0"
2026-03-16 19:04:07.000,（1003）冶金等工贸行业通用,火灾、其他爆炸、中毒和窒息,储存易燃、可燃物的仓库、堆场、储罐等场所，如：储存泡沫、纸箱、低燃点塑胶制品,,"1003","202012301114078 ","100309",储存场所易燃、可燃物料燃烧（非危险化学品）,,,,,309,"0"
2026-03-16 19:04:07.000,（1003）冶金等工贸行业通用,火灾、中毒和窒息,使用、存放乙烯-乙酸乙烯共聚物（EVA）、聚氨基甲酸酯（PU）、可发性聚乙烯（EPE）、化学交联聚乙烯发泡材料（XPE）等可产生易燃挥发性气体发泡材料的生产场所,,"1003","202012301114079 ","100310",生产场所存放的发泡材料挥发易燃气体,,,,,310,"0"
2026-03-16 19:04:07.000,（1003）冶金等工贸行业通用,火灾、其他爆炸、中毒和窒息,储存危险化学品的仓库、中间仓库、堆场、储罐等场所，危废库,,"1003","202012301114080 ","100311",储存场所危险化学品泄漏,,,,,311,"0"
2026-03-16 19:04:07.000,（1003）冶金等工贸行业通用,火灾、中毒和窒息,使用易燃、可燃等各类保温材料的厂房、仓库、冷库等,,"1003","202012301114081 ","100312",建（构）筑物保温材料燃烧,,,,,312,"0"
2026-03-16 19:04:07.000,（1003）冶金等工贸行业通用,火灾、其他爆炸、中毒和窒息,在直接或间接产生明火的工艺设施以外的禁火区内从事可能产生火焰、火花或炽热表面的非常规作业活动，如：使用电焊、气焊（割）、喷灯、电钻、砂轮机、喷砂机等进行的作业,,"1003","202012301114082 ","100313",动火作业,,,,,313,"0"
2026-03-16 19:04:07.000,（1003）冶金等工贸行业通用,容器爆炸,储气罐（不含简单压力容器）,,"1003","202012301114083 ","100314",空压机储气罐超压,,,,,314,"0"
2026-03-16 19:04:07.000,（1003）冶金等工贸行业通用,坍塌、高处坠落、物体打击,使用叉车、行车、人力等方式进行货物的物理移动，如：装车、卸车、堆码、堆垛、上架、拆垛、取货等作业活动,,"1003","202012301114084 ","100315",装卸作业,,,,,315,"0"
2026-03-16 19:04:07.000,（1003）冶金等工贸行业通用,火灾、其他爆炸、中毒和窒息,液氨储罐、储氨罐、液氨钢瓶、氨气管道、氨分解（楼）装置,,"1003","202012301114085 ","100316",氨分解系统氨泄漏,,,,,316,"0"
2026-03-16 19:04:07.000,（1003）冶金等工贸行业通用,火灾、其他爆炸、中毒和窒息,储存乙炔、氢、氧、氮、丙烷等气体的气瓶、储气罐、杜瓦罐、气瓶集束等设施及输送管线，储存氧、氮、氩以及二氧化碳等气体的固定式低温液体容器及输送管线,,"1003","202012301114086 ","100317",工业气体储存设施及其输送管线气体泄漏,,,,,317,"0"
2026-03-16 19:04:07.000,（1003）冶金等工贸行业通用,灼烫,蒸汽管道（P≥1.6MPa）,,"1003","202012301114087 ","100318",蒸汽输送管道破裂,,,,,318,"0"
2026-03-16 19:04:07.000,（1003）冶金等工贸行业通用,火灾、其他爆炸、中毒和窒息,有机废气处理装置，如：直燃式废气燃烧装置（TO）、催化燃烧装置（CO）、蓄热热力燃烧装置（RTO）、蓄热催化燃烧装置（RCO）、有机废气活性炭吸附装置,,"1003","202012301114088 ","100319",有机废气处理装置燃烧,,,,,319,"0"
2026-03-16 19:04:07.000,（1003）冶金等工贸行业通用,其他,,,"1003","202012301114089 ","100399",经企业辨识后确定为较大以上的其他风险,,,,,399,"0"
2026-03-16 19:04:07.000,（1004）冶金,火灾、其他爆炸、中毒和窒息,烧结机、回转窑、球团竖炉燃烧器，煤气（燃气）管道及其附属设施（膨胀器、阀门、法兰、放散管、煤气排水器、水封等）,,"1004","202012301114090 ","100401",烧结球团过程煤气（燃气）泄漏,,,,,401,"0"
2026-03-16 19:04:07.000,（1004）冶金,火灾、中毒和窒息,输送烧结矿、球团矿、干熄焦、石灰石等高温物料的皮带和通廊,,"1004","202012301114091 ","100402",高温物料的带式输送,,,,,402,"0"
2026-03-16 19:04:07.000,（1004）冶金,其他爆炸、中毒和窒息、火灾,炭化室、炉门、炉顶、换向室、地下室，煤气管道及其附属设施（膨胀器、阀门、法兰、放散管、煤气排水器、水封等）,,"1004","202012301114092 ","100403",炼焦过程煤气泄漏,,,,,403,"0"
2026-03-16 19:04:07.000,（1004）冶金,中毒和窒息,活塞及密封装置、柜前后（回流）煤气管道切断装置、氮气阀隔断装置,,"1004","202012301114122 ","100433",煤气柜柜内检修煤气、氮气倒灌,,,,,433,"0"
2026-03-16 19:04:07.000,（1004）冶金,火灾、其他爆炸、中毒和窒息,冷凝、鼓风、电捕焦油、脱苯、硫铵、脱硫等装置，煤气管道及其附属设施（膨胀器、阀门、法兰、放散管、煤气排水器、水封等）,,"1004","202012301114093 ","100404",焦化化产回收过程煤气泄漏,,,,,404,"0"
2026-03-16 19:04:07.000,（1004）冶金,火灾、其他爆炸,苯、焦油、硫酸、碱、洗油等物料的储存槽、中间罐、输送管道及阀门,,"1004","202012301114094 ","100405",焦化化产油库及生产现场的酸、碱、苯等物料泄漏,,,,,405,"0"
2026-03-16 19:04:07.000,（1004）冶金,火灾、其他爆炸,高炉本体（炉缸、铁口、风口、炉皮、冷却壁及水管）,,"1004","202012301114095 ","100406",高炉本体的铁水、熔渣、红焦泄漏,,,,,406,"0"
2026-03-16 19:04:07.000,（1004）冶金,火灾、其他爆炸,铁沟、渣沟、摆动溜槽、残铁坑、兑罐区,,"1004","202012301114096 ","100407",高炉附属设施的铁水、熔渣泄漏,,,,,407,"0"
2026-03-16 19:04:07.000,（1004）冶金,火灾、其他爆炸,吊运铁水包的行车、铁水包、倾翻台、铸铁机机尾溜槽,,"1004","202012301114097 ","100408",铸铁机区域铁水泄漏,,,,,408,"0"
2026-03-16 19:04:07.000,（1004）冶金,火灾、其他爆炸,铁水包、鱼雷罐车、铁水运输车（包含汽车运输）,,"1004","202012301114098 ","100409",铁水运输过程中铁水泄漏,,,,,409,"0"
2026-03-16 19:04:07.000,（1004）冶金,火灾、其他爆炸,炉基、炉缸、残铁口,,"1004","202012301114099 ","100410",高炉停炉放残铁时铁水泄漏,,,,,410,"0"
2026-03-16 19:04:07.000,（1004）冶金,火灾、其他爆炸、中毒和窒息,高炉风口及以上平台、炉缸、炉基,,"1004","202012301114100 ","100411",高炉本体煤气泄漏,,,,,411,"0"
2026-03-16 19:04:07.000,（1004）冶金,火灾、其他爆炸、中毒和窒息,热风炉、除尘设备（重力除尘、干法除尘、洗涤塔等）、脱硫设备、高炉煤气余压透平发电装置（TRT）、高炉鼓风和煤气余压能量回收机组（BPRT）、减压阀组、煤气放散塔、烘烤装置、煤气管道及其附属设施（膨胀器、阀门、法兰、放散管、煤气排水器、水封等）、喷煤烟气炉,,"1004","202012301114101 ","100412",高炉配套设施煤气泄漏,,,,,412,"0"
2026-03-16 19:04:07.000,（1004）冶金,中毒和窒息,炉顶料罐内,,"1004","202012301114102 ","100413",高炉料罐检修中煤气、氮气倒灌,,,,,413,"0"
2026-03-16 19:04:07.000,（1004）冶金,火灾,热风总管、混风竖管、热风围管、膨胀器,,"1004","202012301114103 ","100414",高炉热风管开裂或脱落，高温气体、耐火材料喷出,,,,,414,"0"
2026-03-16 19:04:07.000,（1004）冶金,火灾、其他爆炸,惰化装置、磨煤机、布袋收粉器、煤粉仓、仓式泵、储煤罐、喷吹罐,,"1004","202012301114104 ","100415",高炉、球团回转窑、石灰窑制煤粉、喷吹系统的氧含量超标、温度过高、一氧化碳泄漏,,,,,415,"0"
2026-03-16 19:04:07.000,（1004）冶金,火灾、其他爆炸,富氧阀组、管道,,"1004","202012301114105 ","100416",高炉富氧阀站氧气泄漏,,,,,416,"0"
2026-03-16 19:04:07.000,（1004）冶金,火灾、其他爆炸,鱼雷罐车、铁水包、混铁炉、渣盆（罐）,,"1004","202012301114106 ","100417",铁水预处理中铁水泄漏、喷溅,,,,,417,"0"
2026-03-16 19:04:07.000,（1004）冶金,火灾、其他爆炸,转炉、电弧炉、精炼炉（真空脱气（RH）炉、钢包精炼（LF）炉、氩氧脱碳（AOD）炉、真空脱碳（VD）炉、真空吹氧脱碳（VOD）炉等）、中频炉、工频炉,,"1004","202012301114107 ","100418",转炉、电炉、精炼炉的钢水泄漏、喷溅,,,,,418,"0"
2026-03-16 19:04:07.000,（1004）冶金,灼烫、火灾、其他爆炸,吊运铁水包、钢水包、渣盆（罐）、中间包的行车，转炉跨、出钢跨、精炼跨、连铸跨、渣跨等钢水、铁水、液渣吊运通道，冷热修工位,,"1004","202012301114108 ","100419",铁水、钢水、液渣吊运中泄漏、坠罐（包）、喷溅、倾覆,,,,,419,"0"
2026-03-16 19:04:07.000,（1004）冶金,火灾、其他爆炸,钢水包、渣盆（罐）、中间包、连铸平台溢流槽及导流槽、事故钢包,,"1004","202012301114109 ","100420",钢水、液渣盛装中泄漏、喷溅,,,,,420,"0"
2026-03-16 19:04:07.000,（1004）冶金,火灾、其他爆炸,转炉、电炉、精炼炉的氧枪、副枪、炉口、烟罩、炉壁、炉盖等采用水冷的设备设施,,"1004","202012301114110 ","100421",炼钢水冷元件冷却水泄漏,,,,,421,"0"
2026-03-16 19:04:07.000,（1004）冶金,火灾、其他爆炸、中毒和窒息,转炉炉口及以上平台、汽化烟道、洗涤水槽、放散塔、风机、电除尘器，煤气管道及其附属设施（膨胀器、阀门、法兰、放散管、排水器、水封等）,,"1004","202012301114111 ","100422",转炉冶炼及煤气回收过程煤气泄漏,,,,,422,"0"
2026-03-16 19:04:07.000,（1004）冶金,中毒和窒息,多转炉共用煤气回收系统的转炉内、炉口以上区域,,"1004","202012301114112 ","100423",转炉筑炉作业煤气倒灌,,,,,423,"0"
2026-03-16 19:04:07.000,（1004）冶金,火灾、其他爆炸、中毒和窒息,钢（铁）水包及中间包烘烤燃烧器、连铸水口烘烤器、火切机、钢坯切割装置，燃气管道及其附属设施（膨胀器、阀门、法兰、放散管、排水器、水封等）,,"1004","202012301114113 ","100424",炼钢使用燃气的设施燃气泄漏,,,,,424,"0"
2026-03-16 19:04:07.000,（1004）冶金,火灾、其他爆炸,氧气阀门组和管道,,"1004","202012301114114 ","100425",炼钢氧气阀站氧气泄漏,,,,,425,"0"
2026-03-16 19:04:07.000,（1004）冶金,中毒和窒息,转炉底吹阀门站，有氮气、氩气管线穿越的地坑,,"1004","202012301114115 ","100426",炼钢氮气、氩气阀站泄漏,,,,,426,"0"
2026-03-16 19:04:07.000,（1004）冶金,火灾、其他爆炸,结晶器、二冷室,,"1004","202012301114116 ","100427",连铸结晶器、二冷室钢水泄漏,,,,,427,"0"
2026-03-16 19:04:07.000,（1004）冶金,火灾,地下或轧机平台下液压站、轧制区域的液压设备,,"1004","202012301114117 ","100428",轧钢液压站液压油泄漏,,,,,428,"0"
2026-03-16 19:04:07.000,（1004）冶金,淹溺、中毒和窒息,加热炉、冲渣沟、旋流池等,,"1004","202012301114118 ","100429",轧钢清理氧化铁皮等作业时水失控、煤气泄漏,,,,,429,"0"
2026-03-16 19:04:07.000,（1004）冶金,火灾、其他爆炸、中毒和窒息,带煤气操作眼镜（盲板）阀、水封、排水器、放散管，带煤气抽堵人工盲板、补焊、开孔、堵漏、接管,,"1004","202012301114119 ","100430",在煤气管道上操作、检维修时煤气泄漏,,,,,430,"0"
2026-03-16 19:04:07.000,（1004）冶金,火灾、其他爆炸,焦炉、管式炉、竖炉、烧结机、石灰窑、烟气炉、热风炉、加热炉、热处理炉、燃气锅炉、焙烧窑、烘烤器等工业炉窑的燃烧器,,"1004","202012301114120 ","100431",燃烧装置点火作业燃气泄漏,,,,,431,"0"
2026-03-16 19:04:07.000,（1004）冶金,火灾、中毒和窒息、其他爆炸,煤气柜侧板、底板、活塞、煤气加压机、混合器，煤气管道及其附属设施（膨胀器、阀门、法兰、放散管、排水器、水封等）,,"1004","202012301114121 ","100432",煤气柜、煤气加压站、混合站等煤气泄漏,,,,,432,"0"
2026-03-16 19:04:07.000,（1004）冶金,火灾、其他爆炸、中毒和窒息,发生炉、电捕焦油器、脱硫装置、水封、煤气排水器、煤气管道及其附属设施（膨胀器、阀门、法兰、放散管等）,,"1004","202012301114123 ","100434",煤气发生炉及其附属设施的煤气泄漏,,,,,434,"0"
2026-03-16 19:04:07.000,（1004）冶金,火灾、其他爆炸,铁合金炉的炉缸、铁口、渣口、炉皮、铁沟、渣沟、出铁平台、摆动溜槽，浇铸区,,"1004","202012301114124 ","100435",铁合金炉本体及其附属设施的铁水、熔渣泄漏,,,,,435,"0"
2026-03-16 19:04:07.000,（1004）冶金,火灾、其他爆炸、中毒和窒息,铁合金炉，除尘设备（湿式除尘洗涤塔、文氏管等）、冷却塔、煤气柜、煤气放散塔、烘烤装置，煤气管道及其附属设施（膨胀器、阀门、法兰、放散管、煤气排水器、水封等）,,"1004","202012301114125 ","100436",铁合金炉本体及其配套设施的煤气泄漏,,,,,436,"0"
2026-03-16 19:04:07.000,（1004）冶金,火灾、其他爆炸,铁合金炉的炉壁、炉盖、氧枪等采用水冷的设备设施,,"1004","202012301114126 ","100437",铁合金炉水冷元件冷却水泄漏,,,,,437,"0"
2026-03-16 19:04:07.000,（1004）冶金,灼烫、火灾、其他爆炸,吊运铁水包、渣盆（罐）的行车，铁水吊运跨、渣盆（罐）吊运通道,,"1004","202012301114127 ","100438",铁合金的铁水、液渣吊运中泄漏、坠罐（包）、喷溅、倾覆,,,,,438,"0"
2026-03-16 19:04:07.000,（1004）冶金,火灾、其他爆炸,铁水包、铁水运输车（包括汽车运输）、渣盆（罐）,,"1004","202012301114128 ","100439",铁合金的铁水、熔渣运输过程中泄漏,,,,,439,"0"
2026-03-16 19:04:07.000,（1004）冶金,其他,,,"1004","202012301114129 ","100499",经企业辨识后确定为较大以上的其他风险,,,,,499,"0"
2026-03-16 19:04:07.000,（1005）有色,火灾、其他爆炸,熔炼（化）炉、电炉（中频炉、工频炉）,,"1005","202012301114130 ","100501",铝熔炼炉本体铝水泄漏、喷溅,,,,,501,"0"
2026-03-16 19:04:07.000,（1005）有色,其他爆炸,炉壁、燃烧器、出铝口、电气元件等的水冷件，应急水池（箱、塔）,,"1005","202012301114131 ","100502",铝熔炼炉冷却水泄漏入炉,,,,,502,"0"
2026-03-16 19:04:07.000,（1005）有色,灼烫、火灾、其他爆炸,吊运铝水包的起重设备、铝水包吊运行走通道,,"1005","202012301114132 ","100503",铝水吊运中坠罐（包）、倾覆,,,,,503,"0"
2026-03-16 19:04:07.000,（1005）有色,火灾、其他爆炸,熔炼（化）炉、保温炉、铝水包、导流槽（摆动溜槽）、应急坑（罐）,,"1005","202012301114133 ","100504",铝水输送中泄漏、溢出或倾覆,,,,,504,"0"
2026-03-16 19:04:07.000,（1005）有色,火灾、其他爆炸,熔炼炉（闪速炉、奥斯麦特炉、转炉等）,,"1005","202012301114134 ","100505",铜熔炼炉本体铜水泄漏、喷溅,,,,,505,"0"
2026-03-16 19:04:07.000,（1005）有色,火灾、其他爆炸,炉内水套，燃烧器、出铜口、电气元件等的水冷件，应急水池（箱、塔）,,"1005","202012301114135 ","100506",铜熔炼炉冷却水泄漏入炉,,,,,506,"0"
2026-03-16 19:04:07.000,（1005）有色,灼烫、火灾、其他爆炸,吊运铜水包的起重设备、铜水包吊运通道,,"1005","202012301114136 ","100507",铜水吊运中坠罐（包）、倾覆,,,,,507,"0"
2026-03-16 19:04:07.000,（1005）有色,火灾、其他爆炸,熔炼（化）炉、保温炉、铜水包、应急坑（罐）,,"1005","202012301114137 ","100508",铜水输送中泄漏、溢出或倾覆,,,,,508,"0"
2026-03-16 19:04:07.000,（1005）有色,火灾、其他爆炸,氧气阀门组和管道,,"1005","202012301114138 ","100509",铜等有色金属冶炼的氧气阀组氧气泄漏,,,,,509,"0"
2026-03-16 19:04:07.000,（1005）有色,火灾、其他爆炸、中毒和窒息,制粉系统（惰化装置、磨煤机、煤粉仓、仓式泵、储煤罐、喷吹罐、除尘器）,,"1005","202012301114139 ","100510",铅、锌等有色金属冶炼中制煤粉、喷吹系统的氧含量、温度、一氧化碳含量超标,,,,,510,"0"
2026-03-16 19:04:07.000,（1005）有色,火灾、其他爆炸、中毒和窒息,煤气发生炉、煤气管道及其附属设施,,"1005","202012301114140 ","100511",铅、锌等有色金属冶炼的煤气发生炉及其附属设施煤气泄漏,,,,,511,"0"
2026-03-16 19:04:07.000,（1005）有色,火灾、其他爆炸,浇铸机、应急坑浇铸坑,,"1005","202012301114141 ","100512",铝、铜、铅、锌等有色金属浇铸过程泄漏,,,,,512,"0"
2026-03-16 19:04:07.000,（1005）有色,火灾、其他爆炸、中毒和窒息,燃气储存输送（管道）设施、沸腾炉、精炼炉,,"1005","202012301114142 ","100513",铝、铜、铅、锌等有色金属冶炼的燃气设施燃气泄漏,,,,,513,"0"
2026-03-16 19:04:07.000,（1005）有色,火灾、其他爆炸,点火器、燃烧器,,"1005","202012301114143 ","100514",铝、铜、铅、锌等有色金属冶炼的燃烧装置点火作业燃气泄漏,,,,,514,"0"
2026-03-16 19:04:07.000,（1005）有色,其他,,,"1005","202012301114144 ","100599",经企业辨识后确定为较大以上的其他风险,,,,,599,"0"
2026-03-16 19:04:07.000,（1006）建材,中毒和窒息、火灾、其他爆炸,发生炉本体、煤气水封、煤气管道、煤气排水器、煤气放散管、煤气阀门,,"1006","202012301114145 ","100601",煤气发生炉及其附属设施煤气泄漏,,,,,601,"0"
2026-03-16 19:04:07.000,（1006）建材,火灾、其他爆炸,电捕焦油器,,"1006","202012301114146 ","100602",煤气发生炉电捕焦油器氧含量超标,,,,,602,"0"
2026-03-16 19:04:07.000,（1006）建材,火灾、其他爆炸,燃油燃烧器、油品装卸场所、燃油储罐、油泵房、油气室、管道、法兰、阀门,,"1006","202012301114147 ","100603",燃料油泄漏,,,,,603,"0"
2026-03-16 19:04:07.000,（1006）建材,灼烫,预热器、窑尾烟室、分解炉,,"1006","202012301114148 ","100604",（水泥、石灰和石膏制造）预热器、清理清堵作业,,,,,604,"0"
2026-03-16 19:04:07.000,（1006）建材,物体打击、高处坠落,预热器分解炉挂片（结皮）的清理、维修作业,,"1006","202012301114149 ","100605",（水泥、石灰和石膏制造）预热器检维修作业,,,,,605,"0"
2026-03-16 19:04:07.000,（1006）建材,其他爆炸、灼烫,篦冷机区域,,"1006","202012301114150 ","100606",（水泥、石灰和石膏制造）篦冷机清理作业,,,,,606,"0"
2026-03-16 19:04:07.000,（1006）建材,火灾、其他爆炸、中毒和窒息,煤粉制备系统、选粉机、煤粉仓、袋式收尘器、原料磨系统、回转窑,,"1006","202012301114151 ","100607",（水泥、石灰和石膏制造）煤粉积聚、自燃,,,,,607,"0"
2026-03-16 19:04:07.000,（1006）建材,中毒和窒息、灼烫,原料磨、入磨机、选粉机、收尘器,,"1006","202012301114152 ","100608",（水泥、石灰和石膏制造）原料磨内检修作业,,,,,608,"0"
2026-03-16 19:04:07.000,（1006）建材,中毒和窒息,脱硝系统、液氨储罐、氨水储罐及管道,,"1006","202012301114153 ","100609",（水泥、石灰和石膏制造）脱硝系统氨泄漏,,,,,609,"0"
2026-03-16 19:04:07.000,（1006）建材,坍塌、中毒和窒息、高处坠落、淹溺,破碎设备、磨机等设备，筒形储存库、料浆罐、储（贮）罐、砂库、布料机等贮存设施,,"1006","202012301114154 ","100610",人工清库、清理、清仓或清堵作业,,,,,610,"0"
2026-03-16 19:04:07.000,（1006）建材,火灾、其他爆炸、中毒和窒息,水泥窑、石灰窑等危废贮存区域，易燃、可燃危废贮存区域，预处理破碎仓和混合搅拌仓等危废暂存区域,,"1006","202012301114155 ","100611",协同处置危废,,,,,611,"0"
2026-03-16 19:04:07.000,（1006）建材,其他爆炸、灼烫,窑炉,,"1006","202012301114156 ","100612",窑炉点火烤窑,,,,,612,"0"
2026-03-16 19:04:07.000,（1006）建材,其他爆炸、灼烫,窑炉、水冷/风冷保护系统,,"1006","202012301114157 ","100613",窑炉破裂、坍塌,,,,,613,"0"
2026-03-16 19:04:07.000,（1006）建材,灼烫,窑炉,,"1006","202012301114158 ","100614",窑炉热修,,,,,614,"0"
2026-03-16 19:04:07.000,（1006）建材,灼烫、火灾、其他爆炸,窑炉、玻璃熔化区域,,"1006","202012301114159 ","100615",（玻璃制造）玻璃液泄漏,,,,,615,"0"
2026-03-16 19:04:07.000,（1006）建材,灼烫、火灾、其他爆炸,玻璃成形区域、锡槽,,"1006","202012301114160 ","100616",（玻璃制造）锡液泄漏,,,,,616,"0"
2026-03-16 19:04:07.000,（1006）建材,中毒和窒息,二氧化硫供气间、二氧化硫气瓶,,"1006","202012301114161 ","100617",（玻璃制造）二氧化硫泄漏,,,,,617,"0"
2026-03-16 19:04:07.000,（1006）建材,火灾、其他爆炸,锡槽配气间、氢气发生站、氢气罐、分解炉、氢气管道及其法兰和阀门,,"1006","202012301114162 ","100618",（玻璃制造）氢气泄漏,,,,,618,"0"
2026-03-16 19:04:07.000,（1006）建材,火灾、其他爆炸,造粒喷雾干燥塔,,"1006","202012301114163 ","100619",（卫生陶瓷制品制造、粘土砖瓦及建筑砌块制造）造粒喷雾干燥塔点火,,,,,619,"0"
2026-03-16 19:04:07.000,（1006）建材,中毒和窒息、火灾、其他爆炸,烧成窑炉、燃气管道、燃气燃烧器,,"1006","202012301114164 ","100620",（卫生陶瓷制品制造、粘土砖瓦及建筑砌块制造）烧成窑炉运行时燃气泄漏,,,,,620,"0"
2026-03-16 19:04:07.000,（1006）建材,中毒和窒息、火灾、其他爆炸,竖窑,,"1006","202012301114165 ","100621",（耐火材料制品制造）竖窑煤气泄漏,,,,,621,"0"
2026-03-16 19:04:07.000,（1006）建材,机械伤害、容器爆炸,蒸压（养）釜、卷扬机,,"1006","202012301114166 ","100622",蒸压（养）釜出入砖作业,,,,,622,"0"
2026-03-16 19:04:07.000,（1006）建材,其他,,,"1006","202012301114167 ","100699",经企业辨识后确定为较大以上的其他风险,,,,,699,"0"
2026-03-16 19:04:07.000,（1007）机械,其他爆炸、灼烫,冲天炉炉底门机械闭锁装置、炉底板、泄爆口，冲天炉周边熔液（熔渣）坑、冲天炉操作平台、冲天炉出铁口，加料机炉顶平台,,"1007","202012301114168 ","100701",（铸造）冲天炉爆裂、铁水泄漏,,,,,701,"0"
2026-03-16 19:04:07.000,（1007）机械,其他爆炸、灼烫,熔炼炉炉底、熔炼炉周边熔液（熔渣）坑、熔炼炉操作平台、炉前加料口,,"1007","202012301114169 ","100702",（铸造）熔炼炉炉衬烧穿和炉体破裂，高温熔融金属泄漏,,,,,702,"0"
2026-03-16 19:04:07.000,（1007）机械,其他爆炸、灼烫、火灾,吊运或运送熔融金属的行车、叉车、吊索具，盛装熔融金属与液渣的罐（包、盆）等容器，铁水溜槽、铁水运输车,,"1007","202012301114170 ","100703",（铸造）起重机、叉车在吊运过程中熔融金属包脱落或倾覆，高温熔融金属泄漏,,,,,703,"0"
2026-03-16 19:04:07.000,（1007）机械,其他爆炸、灼烫,熔融金属浇注包、盛装铁水、钢水与液渣的罐（包、盆）等容器，炉前地坑、地坑铸型底部区域、炉前加料口,,"1007","202012301114171 ","100704",（铸造）熔融金属遇湿、遇水,,,,,704,"0"
2026-03-16 19:04:07.000,（1007）机械,火灾,浇铸除尘管道、除尘器,,"1007","202012301114172 ","100705",（铸造）除尘环保设备设施管道油泥积聚燃烧,,,,,705,"0"
2026-03-16 19:04:07.000,（1007）机械,其他爆炸、火灾、中毒和窒息,涉及焊接与热切割作业的有限空间,,"1007","202012301114173 ","100706",（焊接）有限空间内焊接与热切割作业,,,,,706,"0"
2026-03-16 19:04:07.000,（1007）机械,火灾、容器爆炸、其他爆炸,"5瓶及以上易燃易爆气体气瓶间、汇流排间，热切割作业区（非固定动火区）",,"1007","202012301114174 ","100707",（焊接）易燃易爆气体储罐、气瓶、汇流排泄漏,,,,,707,"0"
2026-03-16 19:04:07.000,（1007）机械,其他爆炸、火灾,涉及铝镁金属粉尘的机械加工场所或设备，如：除尘系统，粉尘储存场所，抛丸、喷砂、抛光、打磨等作业现场,,"1007","202012301114175 ","100708",（机械加工）铝镁金属粉尘积聚,,,,,708,"0"
2026-03-16 19:04:07.000,（1007）机械,其他爆炸、火灾,产尘工位，湿式除尘系统，铝镁粉尘、废屑储存场所,,"1007","202012301114176 ","100709",（机械加工）铝镁粉尘、废屑遇水或受潮自燃，产生氢气积聚,,,,,709,"0"
2026-03-16 19:04:07.000,（1007）机械,火灾、其他爆炸,通风不良的机械加工设备清洗作业区、地沟,,"1007","202012301114177 ","100710",（机械加工）使用天拿水等易燃易爆类清洗剂清洗作业,,,,,710,"0"
2026-03-16 19:04:07.000,（1007）机械,机械伤害,破碎机,,"1007","202012301114178 ","100711",（机械加工）破碎机内人工清堵作业,,,,,711,"0"
2026-03-16 19:04:07.000,（1007）机械,火灾、其他爆炸、中毒和窒息,热处理组合炉、燃气管道、加热炉作业区,,"1007","202012301114179 ","100712",（热处理与电镀）加热炉燃气泄漏,,,,,712,"0"
2026-03-16 19:04:07.000,（1007）机械,火灾、其他爆炸,甲醇储罐（桶）、管道，使用甲醇的热处理炉作业区,,"1007","202012301114180 ","100713",（热处理与电镀）甲醇泄漏,,,,,713,"0"
2026-03-16 19:04:07.000,（1007）机械,火灾、灼烫、淹溺,淬火油槽、淬火作业区,,"1007","202012301114181 ","100714",（热处理与电镀）使用油基淬火油的油槽漏油、油温过高燃烧,,,,,714,"0"
2026-03-16 19:04:07.000,（1007）机械,火灾、其他爆炸、中毒和窒息、淹溺,电镀作业场所、自动电镀线、电镀槽,,"1007","202012301114182 ","100715",（热处理与电镀）自动电镀线、电镀槽作业区化学品泄漏、挥发,,,,,715,"0"
2026-03-16 19:04:07.000,（1007）机械,中毒和窒息,电镀危化品储存库房、电解槽、废气处理系统,,"1007","202012301114183 ","100716",（热处理与电镀）氰化物、高价铬化物泄漏,,,,,716,"0"
2026-03-16 19:04:07.000,（1007）机械,火灾、其他爆炸、中毒和窒息,喷涂室、流平区域、烘干室、浸涂槽、喷烘两用喷漆室、调漆区、临时涂漆作业场所,,"1007","202012301114184 ","100717",（涂装）涂漆调配、涂漆作业区有机溶剂泄漏、挥发性气体积聚,,,,,717,"0"
2026-03-16 19:04:07.000,（1007）机械,其他爆炸、火灾,粉末静电喷涂室、回收系统、除尘器及管道,,"1007","202012301114185 ","100718",（涂装）粉末静电喷涂粉尘积聚,,,,,718,"0"
2026-03-16 19:04:07.000,（1007）机械,火灾、其他爆炸,涂漆风机、管道、地坑、过滤棉,,"1007","202012301114186 ","100719",（涂装）涂漆风机、管道、地坑等部位漆渣积聚燃烧,,,,,719,"0"
2026-03-16 19:04:07.000,（1007）机械,其他,,,"1007","202012301114187 ","100799",经企业辨识后确定为较大以上的其他风险,,,,,799,"0"
2026-03-16 19:04:07.000,（1008）轻工,火灾、其他爆炸,涉及粮食类粉尘的场所或设备，如：输送设备（斗式提升机、螺旋输送机、埋刮板输送机、辊带式输送机和气垫带式输送机）、除尘系统、气力输送系统、绞笼、刮板、粉碎机、制粉机、磨粉机、涉粉区域、筒仓、豆粕库,,"1008","202012301114188 ","100801",粮食类粉尘积聚,,,,,801,"0"
2026-03-16 19:04:07.000,（1008）轻工,中毒和窒息,粮仓（筒仓、平房仓）,,"1008","202012301114189 ","100802",粮食熏蒸作业有毒气体（磷化氢等）积聚,,,,,802,"0"
2026-03-16 19:04:07.000,（1008）轻工,中毒和窒息,熏蒸药剂储存场所,,"1008","202012301114190 ","100803",磷化铝等熏蒸药剂遇湿、遇水,,,,,803,"0"
2026-03-16 19:04:07.000,（1008）轻工,坍塌、中毒和窒息,粮仓（筒仓、平房仓）,,"1008","202012301114191 ","100804",粮食类仓库清仓或维修作业,,,,,804,"0"
2026-03-16 19:04:07.000,（1008）轻工,中毒和窒息,玉米浸泡罐,,"1008","202012301114192 ","100805",（淀粉及淀粉制品制造）玉米浸泡罐清罐作业,,,,,805,"0"
2026-03-16 19:04:07.000,（1008）轻工,其他爆炸、火灾、中毒和窒息,浸出区域、有机溶剂储存场所，正己烷消融作业,,"1008","202012301114193 ","100806",（植物油加工）正己烷等有机溶剂挥发,,,,,806,"0"
2026-03-16 19:04:07.000,（1008）轻工,火灾、其他爆炸,氢气储存、输送、使用场所,,"1008","202012301114194 ","100807",（食品及饲料添加剂制造行业、植物油加工行业）木糖醇、山梨醇、植物油等加氢过程氢气泄漏,,,,,807,"0"
2026-03-16 19:04:07.000,（1008）轻工,火灾、其他爆炸,乙醇提取区域、乙醇蒸馏区域等酒精储存和使用场所,,"1008","202012301114195 ","100808",（食品及饲料添加剂制造业）乙醇提取加工乙醇泄漏,,,,,808,"0"
2026-03-16 19:04:07.000,（1008）轻工,火灾、其他爆炸,原酒库、酒精库、勾兑区域,,"1008","202012301114196 ","100809",（酒业制造）酒精储存、输送环节静电积聚或遇明火、火花或高温,,,,,809,"0"
2026-03-16 19:04:07.000,（1008）轻工,中毒和窒息,发酵罐,,"1008","202012301114197 ","100810",（酒业制造）啤酒原料发酵过程二氧化碳泄漏,,,,,810,"0"
2026-03-16 19:04:07.000,（1008）轻工,火灾,皮革涂饰区域、皮具加工区域（鞋、衣、沙发等）、羽毛及其制品生产区域,,"1008","202012301114198 ","100811",（皮革鞣制、皮具加工）胶粘剂使用过程静电积聚或遇明火、火花或高温,,,,,811,"0"
2026-03-16 19:04:07.000,（1008）轻工,其他爆炸、火灾,涉及木质类粉尘的场所或设备，如：加工设备（砂光机、切片机、粉碎机等）、粉尘存放场所、集（除）尘系统,,"1008","202012301114199 ","100812",（木材加工和木、竹、藤、棕、草制品业、家具制造业）木质类粉尘积聚,,,,,812,"0"
2026-03-16 19:04:07.000,（1008）轻工,火灾、其他爆炸、中毒和窒息,喷漆/涂装室、喷涂/涂装设备、涂料等储存场所、调漆室、调漆设备、胶印机,,"1008","202012301114200 ","100813",（家具制造业、地板制造、橡胶和塑料制品业、自行车制造）有机溶剂泄漏、挥发性气体积聚,,,,,813,"0"
2026-03-16 19:04:07.000,（1008）轻工,灼烫、火灾、其他爆炸,窑炉、玻璃熔化区域,,"1008","202012301114201 ","100814",（玻璃制品制造）玻璃窑炉漏料,,,,,814,"0"
2026-03-16 19:04:07.000,（1008）轻工,灼烫、触电,玻璃窑炉,,"1008","202012301114202 ","100815",（玻璃制品制造）玻璃窑炉热修,,,,,815,"0"
2026-03-16 19:04:07.000,（1008）轻工,中毒和窒息,液氯储罐、液氯管道、液氯钢瓶、液氯汽化器,,"1008","202012301114203 ","100816",（造纸和纸制品业）制浆漂白环节液氯泄漏,,,,,816,"0"
2026-03-16 19:04:07.000,（1008）轻工,火灾、其他爆炸,锂离子化成区域、铅酸电池化成区域、锂离子报废电池浸泡区域、氢燃料电池测试间,,"1008","202012301114204 ","100817",（电池制造业）氢气积聚,,,,,817,"0"
2026-03-16 19:04:07.000,（1008）轻工,火灾、其他爆炸,金属锂粉、锂箔、锂带储存仓库，补锂间，电池拆解房,,"1008","202012301114205 ","100818",（电池制造业）金属锂粉、锂箔、锂带遇湿、遇水,,,,,818,"0"
2026-03-16 19:04:07.000,（1008）轻工,,,,"1008","202012301114206 ","100899",经企业辨识后确定为较大以上的其他风险,,,,,899,"0"
2026-03-16 19:04:07.000,（1009）纺织,火灾、其他爆炸,滤尘室、开清棉/梳棉设备（输棉管道）、除尘系统,,"1009","202012301114207 ","100901",（前纺工序）织物飞絮遇静电、明火、火花或高温,,,,,901,"0"
2026-03-16 19:04:07.000,（1009）纺织,火灾,筛料、干燥、纺丝、卷绕、成型设备,,"1009","202012301114208 ","100902",（织造工序）织造车间化纤纺丝遇明火或火花,,,,,902,"0"
2026-03-16 19:04:07.000,（1009）纺织,中毒和窒息,脱胶作业,,"1009","202012301114209 ","100903",麻纺行业使用的含氯物质挥发产生氯气,,,,,903,"0"
2026-03-16 19:04:07.000,（1009）纺织,中毒和窒息,黏胶纤维生产区,,"1009","202012301114210 ","100904",黏胶纤维生头产生硫化氢、二硫化碳,,,,,904,"0"
2026-03-16 19:04:07.000,（1009）纺织,其他爆炸,印染和漂染车间,,"1009","202012301114211 ","100905",印染和漂染车间储存和使用的保险粉、双氧水泄漏、挥发,,,,,905,"0"
2026-03-16 19:04:07.000,（1009）纺织,其他,,,"1009","202012301114212 ","100999",经企业辨识后确定为较大以上的其他风险,,,,,999,"0"
2026-03-16 19:04:07.000,（1010）烟草,中毒和窒息,库房、露天堆垛,,"1010","202012301114213 ","101001",烟叶熏蒸有毒气体（磷化氢等）积聚,,,,,1001,"0"
2026-03-16 19:04:07.000,（1010）烟草,中毒和窒息,熏蒸药剂储存仓库,,"1010","202012301114214 ","101002",烟叶熏蒸药剂（磷化铝等）遇湿、遇水,,,,,1002,"0"
2026-03-16 19:04:07.000,（1010）烟草,中毒和窒息,二氧化碳储罐、浸渍区域,,"1010","202012301114215 ","101003",膨丝工艺二氧化碳泄漏,,,,,1003,"0"
2026-03-16 19:04:07.000,（1010）烟草,其他,,,"1010","202012301114216 ","101099",经企业辨识后确定为较大以上的其他风险,,,,,1099,"0"
2026-03-16 19:04:07.000,（11）危化品储存经营,火灾、其他爆炸、中毒和窒息,危险化学品重大危险源储存单元,,"11","202012301114217 ","1101",危险化学品重大危险源,,,,,1101,"0"
2026-03-16 19:04:07.000,（11）危化品储存经营,火灾、其他爆炸、中毒和窒息,易燃易爆生产装置、输送管道等,,"11","202012301114218 ","1102",易燃易爆场所动火作业,,,,,1102,"0"
2026-03-16 19:04:07.000,（11）危化品储存经营,火灾、其他爆炸、中毒和窒息,涉及反应器、塔、釜、槽、罐、炉膛、锅筒、管道以及地下室、窨井、坑(池)、下水道或其他封闭、半封闭场所的生产单元和储存单元,,"11","202012301114219 ","1103",受限空间作业,,,,,1103,"0"
2026-03-16 19:04:07.000,（11）危化品储存经营,火灾、其他爆炸、中毒和窒息,可燃气体装卸场所；易燃液体装卸场所；液化烃装卸场所；剧毒液体装卸场所；毒性气体装卸场所；厂内易燃易爆有毒危险化学品车辆停放场所,,"11","202012301114220 ","1104",易燃易爆有毒危险化学品装卸及实载运输车辆停放,,,,,1104,"0"
2026-03-16 19:04:07.000,（15）民爆,其他爆炸,装药工序,,"15","202112301124259","1510",工业炸药装药,,,,,1510,"0"
2026-03-16 19:04:07.000,（11）危化品储存经营,其他,,,"11","202012301114221 ","1199",经企业辨识后确定为较大以上的其他风险,,,,,1199,"0"
2026-03-16 19:04:07.000,（12）煤矿,其他,,,"12","202012301114222","1299",经企业辨识后确定为较大以上的其他风险,,,,,1299,"0"
2026-03-16 19:04:07.000,（3413）谷物磨制,其他,,,"3413","202012301114223","341399",经企业辨识后确定为较大以上的其他风险,,,,,1399,"0"
2026-03-16 19:04:07.000,（14）牲禽屠宰,其他,,,"14","202012301114224","1499",经企业辨识后确定为较大以上的其他风险,,,,,1499,"0"
2026-03-16 19:04:07.000,（17）航空、航天器及设备制造,其他,,,"17","202012301114227","1799",经企业辨识后确定为较大以上的其他风险,,,,,1799,"0"
2026-03-16 19:04:07.000,（20）燃气生产和供应,火灾、其他爆炸、中毒和窒息,"""总储存量≥50 吨的 LNG、LPG 场站，体积≥10 万立方米",,"20","202012301114229","2001",燃气重大危险源,,,,,2001,"0"
2026-03-16 19:04:07.000,（20）燃气生产和供应,"""火灾、其他爆炸、中",,,"20","202012301114231","2002",易燃易爆场所动火作业,,,,,2002,"0"
2026-03-16 19:04:07.000,（20）燃气生产和供应,"""火灾、其他爆炸、中",,,"20","202012301114232","2003",燃气储存设施、输配设施、使用设施,,,,,2003,"0"
2026-03-16 19:04:07.000,（20）燃气生产和供应,"""火灾、其他爆炸、中",,,"20","202012301114233","2004",受限空间作业,,,,,2004,"0"
2026-03-16 19:04:07.000,（20）燃气生产和供应,"""火灾、其他爆炸、中",,,"20","202012301114234","2005",燃气的装卸及实载运输车辆停放,,,,,2005,"0"
2026-03-16 19:04:07.000,（20）燃气生产和供应,"""高处坠落、火灾、其",,,"20","202012301114235","2006",燃气设施的检修置换及停复气作业,,,,,2006,"0"
2026-03-16 19:04:07.000,（20）燃气生产和供应,其他,,,"20","202012301114236","2099",经企业辨识后确定为较大以上的其他风险,,,,,2099,"0"
2026-03-16 19:04:07.000,（17）航空、航天器及设备制造,触电,配电站、配电房、配电箱（柜）等,,"17","202012301124249","1701",电气作业,,,,,1,"0"
2026-03-16 19:04:07.000,（17）航空、航天器及设备制造,机械伤害,切削设备、冲压设备等,,"17","202012301124250","1702",机械加工,,,,,2,"0"
2026-03-16 19:04:07.000,（17）航空、航天器及设备制造,高处坠落,安装支架、移动脚手架等,,"17","202012301124251","1703",高处作业,,,,,3,"0"
2026-03-16 19:04:07.000,（17）航空、航天器及设备制造,起重伤害,起重吊装设备等,,"17","202012301124252","1704",起重吊装作业,,,,,4,"0"
2026-03-16 19:04:07.000,（17）航空、航天器及设备制造,火灾、其他爆炸、中毒和窒息,涂装房等,,"17","202012301124253","1705",涂装作业,,,,,5,"0"
2026-03-16 19:04:07.000,（17）航空、航天器及设备制造,中毒和窒息,机舱、油箱等,,"17","202012301124254","1706",有限空间作业,,,,,6,"0"
2026-03-16 19:04:07.000,（17）航空、航天器及设备制造,容器爆炸,气体存储瓶等,,"17","202012301124255","1707",压力容器的使用,,,,,7,"0"
2026-03-16 19:04:07.000,（17）航空、航天器及设备制造,火灾、其他爆炸,油品存放区域等,,"17","202012301124256","1708",油料储运,,,,,8,"0"
2026-03-16 19:04:07.000,（17）航空、航天器及设备制造,火灾、其他爆炸,燃气存储场所、输配设施等,,"17","202012301124257","1709",燃气供应和使用,,,,,9,"0"
2026-03-16 19:04:07.000,（17）航空、航天器及设备制造,坍塌,生产及辅助配套用房等,,"17","202012301124258","1710",既有建筑,,,,,10,"0"
2026-03-16 19:04:07.000,（17）航空、航天器及设备制造,火灾、机械伤害、物体打击,发动机试验设施,,"17","202012301124259","1711",发动机试验,,,,,11,"0"
2026-03-16 19:04:07.000,（18）废弃资源综合利用,其他,,,"18","202112301114228","1899",经企业辨识后确定为较大以上的其他风险,,,,,1899,"0"
2026-03-16 19:04:07.000,（22）管道运输,其他,,,"22","202112301114239","2299",经企业辨识后确定为较大以上的其他风险,,,,,2299,"0"
2026-03-16 19:04:07.000,（3413）谷物磨制,掩埋、机械伤害,粮仓（筒仓、平房仓）,,"3413","202112301124239","341301",粮食出入库作业,,,,,1301,"0"
2026-03-16 19:04:07.000,（3413）谷物磨制,中毒和窒息,粮仓（筒仓、平房仓）,,"3413","202112301124240","341302",熏蒸、气调作业,,,,,1302,"0"
2026-03-16 19:04:07.000,（3413）谷物磨制,中毒和窒息,熏蒸药剂储存场所,,"3413","202112301124241","341303",磷化铝等熏蒸药剂遇湿遇水,,,,,1303,"0"
2026-03-16 19:04:07.000,（3413）谷物磨制,机械伤害、其他爆炸,加工区，堵塞设备、粉碎研磨作业、打包及传动作业区,,"3413","202112301124242","341304",碾米、制粉工序等作业,,,,,1304,"0"
2026-03-16 19:04:07.000,（3413）谷物磨制,其他爆炸,涉及粮食类粉尘的场所或设备，如筒仓、制粉机、磨粉机、皮带、绞龙、刮板、除尘系统,,"3413","202112301124243","341305",粮食类粉尘爆炸,,,,,1305,"0"
2026-03-16 19:04:07.000,（3413）谷物磨制,坍塌,粮仓（筒仓、平房仓）,,"3413","202112301124244","341306",清仓或维修作业,,,,,1306,"0"
2026-03-16 19:04:07.000,（14）牲禽屠宰,火灾、其他爆炸、中毒和窒息,储氨罐、蒸发器、压缩机、冷凝器、阀门、氨气管道。,,"14","202112301124245","1401",液氨制冷系统氨气泄漏,,,,,1401,"0"
2026-03-16 19:04:07.000,（14）牲禽屠宰,火灾、其他爆炸,各类燃气储存设施、使用设施。,,"14","202112301124246","1402",燃气储存设施、使用设施燃气泄漏,,,,,1402,"0"
2026-03-16 19:04:07.000,（14）牲禽屠宰,火灾、中毒和窒息,冷库。,,"14","202112301124247","1403",冷库动火作业,,,,,1403,"0"
2026-03-16 19:04:07.000,（14）牲禽屠宰,中毒和窒息,各类工艺设备；各类公辅设备设施；各类井（污水井等）、池（污水池、化粪池、沼气池、蓄水池等）。,,"14","202112301124248","1404",有限空间作业,,,,,1404,"0"
2026-03-16 19:04:07.000,（15）民爆,其他爆炸,工房、库房、仓库、储罐,,"15","202112301124249","1501",列入重大危险源的场所,,,,,1501,"0"
2026-03-16 19:04:07.000,（15）民爆,火药爆炸,工房、库房、仓库,,"15","202112301124250","1502",单质炸药使用、储存、装卸,,,,,1502,"0"
2026-03-16 19:04:07.000,（15）民爆,火灾、火药爆炸、其他爆炸,装车工序、库房、仓库,,"15","202112301124251","1503",工业炸药、工业雷管、海上救生烟火信号的储存或装卸,,,,,1503,"0"
2026-03-16 19:04:07.000,（15）民爆,火药爆炸、其他爆炸,涉药设备设施,,"15","202112301124252","1504",涉药设备设施的维修、保养,,,,,1504,"0"
2026-03-16 19:04:07.000,（15）民爆,火药爆炸、其他爆炸,生产线,,"15","202112301124253","1505",试生产,,,,,1505,"0"
2026-03-16 19:04:07.000,（15）民爆,火药爆炸、其他爆炸,生产线,,"15","202112301124254","1506",危险专用设备,,,,,1506,"0"
2026-03-16 19:04:07.000,（15）民爆,火灾、火药爆炸、其他爆炸,销毁场所、运输过程,,"15","202112301124256","1507",销毁,,,,,1507,"0"
2026-03-16 19:04:07.000,（15）民爆,火药爆炸、其他爆炸,试验场所,,"15","202112301124257","1508",产品试制涉药作业,,,,,1508,"0"
2026-03-16 19:04:07.000,（15）民爆,其他爆炸,制药工序,,"15","202112301124258","1509",工业炸药制药,,,,,1509,"0"
2026-03-16 19:04:07.000,（15）民爆,火药爆炸,雷管包装间,,"15","202112301124261","1512",工业雷管包装,,,,,1512,"0"
2026-03-16 19:04:07.000,（15）民爆,火灾、火药爆炸,产气药混合工房、成型工房,,"15","202112301124262","1513",产气药混合、成型,,,,,1513,"0"
2026-03-16 19:04:07.000,（15）民爆,火灾,生产工房,,"15","202112301124263","1514",海上救生烟火信号生产,,,,,1514,"0"
2026-03-16 19:04:07.000,（15）民爆,其他,,,"15","202112301124264","1599",经企业辨识后确定为较大以上的其他风险,,,,,1599,"0"
2026-03-16 19:04:07.000,（16）船舶制造,中毒和窒息、火灾、其他爆炸,喷涂房、货舱、压载舱、空舱、机舱、泵舱等,,"16","202112301124265","1601",有限空间作业,,,,,1601,"0"
2026-03-16 19:04:07.000,（16）船舶制造,中毒和窒息、火灾、其他爆炸,涂装房、调漆间、密闭舱室等,,"16","202112301124267","1602",涂装作业,,,,,1602,"0"
2026-03-16 19:04:07.000,（16）船舶制造,起重伤害,钢材堆场、组立分段、舾装、船台（坞）、码头等,,"16","202112301124269","1603",起重吊装作业,,,,,1603,"0"
2026-03-16 19:04:07.000,（16）船舶制造,容器爆炸,空压站、气站,,"16","202112301124286","1613",压力容器泄漏、超压,,,,,1613,"0"
2026-03-16 19:04:07.000,（16）船舶制造,高处坠落、物体打击、锅炉爆炸、机械伤害,大型起重设备、锅炉等,,"16","202112301124287","1614",大型设备安装、调试、维护,,,,,1614,"0"
2026-03-16 19:04:07.000,（16）船舶制造,火灾、其他爆炸等,重大危险源场所,,"16","202112301124289","1615",危险化学品重大危险源,,,,,1615,"0"
2026-03-16 19:04:07.000,（16）船舶制造,其他,,,"16","202112301124290","1699",经企业辨识后确定为较大以上的其他风险,,,,,1699,"0"
2026-03-16 19:04:07.000,（19）电力,触电,电气一次系统、电气二次系统,,"19","202112301124291","1901",电气设备作业,,,,,1901,"0"
2026-03-16 19:04:07.000,（19）电力,中毒窒息,压力容器内部、炉膛风烟系统、窖井、深基坑、电缆隧道、电缆井、脱硫塔、其他设备内部和厂区内封闭、半封闭的设施及场所,,"19","202112301124292","1902",受限空间作业,,,,,1902,"0"
2026-03-16 19:04:07.000,（19）电力,高处坠落,锅炉炉膛、烟道、脱硫吸收塔内部升降平台、大型脚手架检修作业。一次主设备，输电线路、杆塔、其他在坠落高度基准面2米以上的作业区域,,"19","202112301124293","1903",高处作业,,,,,1903,"0"
2026-03-16 19:04:07.000,（19）电力,中毒窒息、火灾,脱硫吸收塔、烟囱、水处理系统,,"19","202112301124294","1904",防腐作业,,,,,1904,"0"
2026-03-16 19:04:07.000,（19）电力,物体打击、起重伤害,需要使用桥式起重机、门式起重机、塔式起重机、汽车吊、升降机等起吊设备将重物吊起，并使重物发生位置变化的作业区域,,"19","202112301124295","1905",起吊作业,,,,,1905,"0"
2026-03-16 19:04:07.000,（19）电力,火灾、爆炸,氨站、氢站、油系统区域 、制粉系统、输煤系统、厂内天燃气系统、其他动火作业区域,,"19","202112301124296","1906",设备设施起火,,,,,1906,"0"
2026-03-16 19:04:07.000,（19）电力,坍塌,高料堆、高边坡,,"19","202112301124297","1907",堆取料作业,,,,,1907,"0"
2026-03-16 19:04:07.000,（19）电力,机械伤害,转动机械、传动机械、操作装置,,"19","202112301124298","1908",设备伤害,,,,,1908,"0"
2026-03-16 19:04:07.000,（19）电力,灼烫,高温高压设备及附属系统,,"19","202112301124299","1909",高温高压伤害,,,,,1909,"0"
2026-03-16 19:04:07.000,（19）电力,火灾、中毒窒息,液氨罐区及供氨管路系统,,"19","202112301124300","1910",重大危险源,,,,,1910,"0"
2026-03-16 19:04:07.000,（19）电力,其他,,,"19","202112301124301","1999",经企业辨识后确定为较大以上的其他风险,,,,,1999,"0"
2026-03-16 19:04:07.000,（21）水的生产和供应,其他爆炸、中毒和窒息,集水井、厌氧池等封闭、半封闭场所的作业,,"21","202112301124302","2101",受限空间作业（城镇污水处理）,,,,,2101,"0"
2026-03-16 19:04:07.000,（21）水的生产和供应,火灾、其他爆炸、中毒和窒息,重大危险源储存单元,,"21","202112301124303","2102",危险化学品重大危险源,,,,,2102,"0"
2026-03-16 19:04:07.000,（21）水的生产和供应,其他,,,"21","202112301124304","2199",经企业辨识后确定为较大以上的其他风险,,,,,2199,"0"
2026-03-16 19:04:07.000,（16）船舶制造,坍塌、高处坠落,船台（坞）、码头、喷涂房等,,"16","202112321124272","1604",脚手架搭设或拆除作业,,,,,1604,"0"
2026-03-16 19:04:07.000,（16）船舶制造,高处坠落,船台（坞）、码头、组立分段等,,"16","202112341124274","1605",高处作业,,,,,1605,"0"
2026-03-16 19:04:07.000,（16）船舶制造,火灾、其他爆炸,组立分段、密闭舱室、机修车间等,,"16","202112361124276","1606",明火作业,,,,,1606,"0"
2026-03-16 19:04:07.000,（16）船舶制造,触电、火灾、其他爆炸,高压配电站、配电房、配电箱（柜）、 机舱（集控室）等,,"16","202112381124278","1607",电气作业,,,,,1607,"0"
2026-03-16 19:04:07.000,（16）船舶制造,物体打击、淹溺,船台（坞）、码头,,"16","202112401124280","1608",船舶下水（出坞）作业,,,,,1608,"0"
2026-03-16 19:04:07.000,（16）船舶制造,倾覆、淹溺,试航水域、试航船舶,,"16","202112421124282","1609",船舶试航作业,,,,,1609,"0"
2026-03-16 19:04:07.000,（16）船舶制造,中毒和窒息、火灾、其他爆炸,天然气、氧气、乙炔、丙烷、液化气等危险气体储存场所或临时存放点,,"16","202112431124283","1610",厂区气站泄漏、超温、超压,,,,,1610,"0"
2026-03-16 19:04:07.000,（16）船舶制造,中毒和窒息、火灾、其他爆炸,储罐、油桶、管道及阀门、槽罐车,,"16","202112441124284","1611",燃料站（柴油、汽油）泄漏、超温、超压,,,,,1611,"0"
2026-03-16 19:04:07.000,（16）船舶制造,中毒和窒息、火灾、其他爆炸,油漆库、调漆间、固废库、各类危化品库及临时存放点,,"16","202112451124285","1612",危化品存放（含固废库）泄漏、超温、超量、混放,,,,,1612,"0"
2026-03-16 19:04:07.000,（12）煤矿,冒顶片帮,采掘工作面及其它巷道,,"12","202112451160001","1201",在煤矿采掘活动中，存在顶板冒落、煤壁片帮造成人员伤亡风险,,,,,1201,"0"
2026-03-16 19:04:07.000,（12）煤矿,物体打击,采掘工作面及修护作业地点,,"12","202112451160002","1202",大倾角采掘作业及修护时，存在滚矸、窜矸及物料下滑伤人风险,,,,,1202,"0"
2026-03-16 19:04:07.000,（12）煤矿,冲击地压,采掘工作面及其它巷道,,"12","202112451160003","1203",在具有冲击倾向性煤岩层中进行采掘活动时，存在冲击地压风险,,,,,1203,"0"
2026-03-16 19:04:07.000,（12）煤矿,淹溺,有地表水及强降水倒灌井下矿井,,"12","202112451160004","1204",雨季期间，地表水及强降水倒灌进入井下导致伤人事故,,,,,1204,"0"
2026-03-16 19:04:07.000,（12）煤矿,透水,井下受透水威胁地点,,"12","202112451160005","1205",在存在透水威胁区域进行采掘活动时，存在水灾伤人风险,,,,,1205,"0"
2026-03-16 19:04:07.000,（1007）机械,火灾、其他爆炸、灼烫,多晶硅锭制造区域、拉晶区域,,"1007","202412161707002","100721",（硅基材料生长工艺）多晶铸锭炉、单晶炉漏硅,,,,,721,"0"
2026-03-16 19:04:07.000,（12）煤矿,车辆伤害、物体打击,运输平巷、斜巷等地点,,"12","202112451160006","1206",井下运送人员或者物料过程中，存在跑车、撞车、翻车、断绳等原因造成人员伤亡的风险,,,,,1206,"0"
2026-03-16 19:04:07.000,（12）煤矿,物体打击,倾斜皮带运输巷,,"12","202112451160007","1207",斜巷带式输送机运输作业，存在物料滚落伤人、断带伤人的风险,,,,,1207,"0"
2026-03-16 19:04:07.000,（12）煤矿,物体打击、高处坠落、机械伤害,主、副井筒,,"12","202112451160008","1208",主副井提升及检修过程中，因为保护失效、断绳、卡罐、井筒坠物等原因，存在造成人员伤亡的风险,,,,,1208,"0"
2026-03-16 19:04:07.000,（12）煤矿,起重伤害,起吊作业地点,,"12","202112451160009","1209",大型设备组装、拆除、起吊过程中，存在重物伤人的风险,,,,,1209,"0"
2026-03-16 19:04:07.000,（12）煤矿,触电,井下变电所，高低压配电点及其它用电地点,,"12","202112451160010","1210",供电系统保护失效、操作、检修、搬迁电气设备等过程中，存在触电伤人的风险,,,,,1210,"0"
2026-03-16 19:04:07.000,（12）煤矿,瓦斯爆炸,采掘工作面、髙冒点、盲巷、恢复通风排放瓦斯路线、通风不良的煤巷或半煤岩巷、采空区、煤仓等瓦斯积聚地点,,"12","202112451160011","1211",在有瓦斯涌出的煤岩层中采掘活动时，存在瓦斯超限爆炸的风险,,,,,1211,"0"
2026-03-16 19:04:07.000,（12）煤矿,火灾,采掘工作面、采空区,,"12","202112451160012","1212",在具有自燃倾向性的煤层中进行采掘活动时，存在自然发火的风险,,,,,1212,"0"
2026-03-16 19:04:07.000,（12）煤矿,火灾,采掘工作面、皮带机巷、井口、机电硐室等场所,,"12","202112451160013","1213",煤矿井下由于动火作业、机械摩擦、爆破作业、机电设备运转不良、电流短路等外来热源，存在引燃可燃物发生火灾的风险,,,,,1213,"0"
2026-03-16 19:04:07.000,（12）煤矿,其它爆炸,采掘工作面、皮带机巷、煤仓等产尘点,,"12","202112451160014","1214",在具有煤尘爆炸危险性的矿井，开采、运输、储存煤炭过程中产生煤尘，存在爆炸风险,,,,,1214,"0"
2026-03-16 19:04:07.000,（12）煤矿,中毒和窒息,井下作业地点及盲巷,,"12","202112451160015","1215",通风设备运行不正常、设施设置不合理等原因，造成有毒有害气体积聚，存在中毒窒息的风险,,,,,1215,"0"
2026-03-16 19:04:07.000,（12）煤矿,中毒和窒息,采煤工作面、压注管路沿线、采空区密闭墙外等地点,,"12","202112451160016","1216",井下压注二氧化碳（氮气），存在气体泄漏造成人员窒息的风险,,,,,1216,"0"
2026-03-16 19:04:07.000,（12）煤矿,放炮、火药爆炸,炸药库、运输路线及爆破作业地点,,"12","202112451160017","1217",井下运输、存储、使用爆炸物品时，存在意外爆炸伤人的风险,,,,,1217,"0"
2026-03-16 19:04:07.000,（12）煤矿,容器爆炸,燃气锅炉房、空压机房、风包等压力容器,,"12","202112451160018","1218",炸药库、运输路线及爆破作业地点,,,,,1218,"0"
2026-03-16 19:04:07.000,（12）煤矿,其它爆炸、火灾、中毒和窒息,存储、运输、使用危化品的场所,,"12","202112451160019","1219",油脂、汽油、乙炔等危化品存储、运输、使用过程中，存在伤人的风险,,,,,1219,"0"
2026-03-16 19:04:07.000,（18）废弃资源综合利用,火灾、其他爆炸、中毒和窒息,易燃液体装卸场所；剧毒液体装卸场所；厂内易燃、有毒、腐蚀性危险废物运输车辆停放场所,,"18","202112451170001","1801",具有易燃、有毒、腐蚀性的危险废物在厂区内运输及装卸过程中泄漏,,,,,1801,"0"
2026-03-16 19:04:07.000,（18）废弃资源综合利用,火灾、其他爆炸、中毒和窒息,储存易燃、可燃、有毒危险废物的料坑、暂存点、仓库、堆场、储罐等场所,,"18","202112451170002","1802",储存场所易燃、可燃、有毒危险废物泄露，造成可燃、有毒气体浓度超标,,,,,1802,"0"
2026-03-16 19:04:07.000,（18）废弃资源综合利用,火灾、其他爆炸、中毒和窒息、灼烫,厂区分析检测室,,"18","202112451170003","1803",在入厂分析、鉴别检测过程中易燃、有毒危险废物或化学试剂泄漏、燃烧,,,,,1803,"0"
2026-03-16 19:04:07.000,（18）废弃资源综合利用,火灾、其他爆炸、中毒和窒息,焚烧配伍车间、预处理车间等,,"18","202112451170004","1804",危险废物在配伍、预处理过程中未根据相容性等原理分类处理、破碎搅拌时产生可燃性粉尘作业,,,,,1804,"0"
2026-03-16 19:04:07.000,（18）废弃资源综合利用,火灾、其他爆炸,危废料坑,,"18","202112451170005","1805",进料系统中危险废物夹带易燃物料造成料坑反应或起火,,,,,1805,"0"
2026-03-16 19:04:07.000,（18）废弃资源综合利用,火灾、其他爆炸、灼伤,焚烧系统,,"18","202112451170006","1806",焚烧系统燃烧器、回转窑、二燃室内的压力高于管道的压力，发生回火,,,,,1806,"0"
2026-03-16 19:04:07.000,（18）废弃资源综合利用,火灾、其他爆炸,活性炭吸附装置,,"18","202112451170007","1807",活性炭吸附有机废气放热导致温度升高，引发火灾,,,,,1807,"0"
2026-03-16 19:04:07.000,（18）废弃资源综合利用,坍塌,填埋库,,"18","202112451170008","1808",填埋库边坡因外力因素坍塌,,,,,1808,"0"
2026-03-16 19:04:07.000,（18）废弃资源综合利用,火灾、其他爆炸、中毒和窒息,各类工艺炉窑（回转窑、热解炉、二燃室等）；危废料坑、储罐（有机废液罐、酸碱罐等）；各类公辅设备设施（余热锅炉、管道、急冷塔、洗涤塔、脱酸塔、除尘器、除臭装置、烟道、污水处理池（井）、下水道、雨水井、消防水池等）,,"18","202112451170009","1809",受限空间作业,,,,,1809,"0"
2026-03-16 19:04:07.000,（18）废弃资源综合利用,火灾、其他爆炸,涉及易燃危险废物的危废料坑、危废暂存处、危废仓库、危废储罐等以及生产装置区天然气管道经过位置、天然气调压站、气瓶间等,,"18","202112451170010","1810",易燃易爆场所动火作业,,,,,1810,"0"
2026-03-16 19:04:07.000,（18）废弃资源综合利用,起重伤害、车辆伤害、火灾,装卸、堆垛、运输危险废物的叉车,,"18","202112451170011","1811",叉车在装卸、堆垛、运输过程中物料倾覆或溢出,,,,,1811,"0"
2026-03-16 19:04:07.000,（18）废弃资源综合利用,火灾、其他爆炸,输送天然气的厂际输送管道,,"18","202112451170012","1812",厂际天然气输送管道爆裂、泄露,,,,,1812,"0"
2026-03-16 19:04:07.000,（18）废弃资源综合利用,火灾、其他爆炸、中毒和窒息,危险化学品储存单元,,"18","202112451170013","1813",危险化学品重大危险源,,,,,1813,"0"
2026-03-16 19:04:07.000,（23）港口危险货物,火灾、其他爆炸、中毒和窒息,"1.港口企业危险货物储罐区发生泄漏；
2.港口企业易燃易爆危险货物罐区内违规动火作业、违反操作规程作业；
3.港口企业电气故障或避雷装置、防静电装置失效；
4.港口企业储罐腐蚀及储罐附属设备损坏，联锁装置、液位监测系统、气体报警装置等失效；
5.未安装紧急切断阀或其功能失效。",,"23","202312271038001","2301",港口企业危险货物罐区泄漏中毒、火灾爆炸,,,,,2301,"0"
2026-03-16 19:04:07.000,（23）港口危险货物,火灾、其他爆炸、中毒和窒息,"1.港口企业危险货物堆场违规超量、超范围堆存危险货物集装箱；
2.仓库内禁忌物混存；
3.堆场箱区设置、堆垛方式、堆码层数及隔离等不符合要求；
4.硝酸铵类物质的危险货物集装箱违规作业；
5.毒性气体、液化天然气（LNG）等易燃易爆剧毒集装箱罐柜及其附件损坏；
6.消防设施及应急能力不足；
7.夏季等恶劣自然环境影响；
8.违反操作规程作业；",,"23","202312271038002","2302",危险货物堆场仓库泄漏中毒、火灾爆炸,,,,,2302,"0"
2026-03-16 19:04:07.000,（23）港口危险货物,火灾、其他爆炸、中毒和窒息,"1.加强装卸设备设施、管道、法兰和紧急切断阀等维护保养、检验检测和巡检；
2.定期对管道的压力检测和安全泄放装置进行检验，并加强日常检查；
3.严格落实装卸作业前船岸安全检查制度，严格装卸作业现场安全管理，杜绝违章操作，强化装卸过程中，船岸界面的安全巡检工作；
4.强化应急物资储备、应急设施设备配备和应急处置演练；
5.按要求设置生产作业及环境监测系统，恶劣天气前停止作业；
6.加强企业主要负责人、持证人员、装卸作业人员等各岗位从业人员的安全意识教育和技能培训。
7.规范船舶取样、加阻聚剂作业流程，加强作业过程中监督检查；
8.加强尾气回收装置日常检查，确保阻火器、氧含量检测仪等安全装置有效；
9.加强船岸安全检查与值守。",,"23","202312271038003","2303",危险货物码头装卸作业泄漏中毒、火灾爆炸,,,,,2303,"0"
2026-03-16 19:04:07.000,（23）港口危险货物,火灾、其他爆炸、中毒和窒息,"1.对涉及重点监管的危险化学品和危险化学品重大危险源的储运设施自动化控制系统装备、重大危险源在线监测监控均实现全覆盖；
2.罐区动火作业、受限空间作业等特殊作业活动严格执行企业内部管理制度，并做好隔离、防护和应急措施；
3.严格按要求进行气体检测和分析，气体检测的仪表要定期检验，同时做好日常维护；
4.储罐检修时使用的工属具应满足相关要求，穿戴好符合要求的劳动防护用品；
5.落实好监护人制度，无人监护不得进入受限空间作业；
6.加强危险性作业劳务外包管理，严格审核承包商的资质条件，做好作业交底和现场监护。
7.加强企业主要负责人、持证人员、各岗位从业人员的安全意识教育和技能培训。
8.避免在夏季高温酷暑、暴雨雷电、台风等恶劣天气下作业。",,"23","202312271038004","2304",危险货物罐区检维修作业中毒窒息、火灾爆炸,,,,,2304,"0"
2026-03-16 19:04:07.000,（23）港口危险货物,火灾、其他爆炸、中毒和窒息、车辆伤害,"1.作业软管应定置管理，并定期检测与维护保养；
2.危险货物罐式车辆按要求进行定期检验，并做好日常检查；
3.定期对装、卸车台的防火、防爆、防雷、防静电、防泄漏等装置进行检验和检查；
4.装卸作业开始前严格按要求落实各项检查工作；
5.取样作业应严格执行相关作业规程，严格落实相关的防静电、防火花等安全措施；
6.危险货物道路运输企业依据相关规定向港口企业提供托运人制作的危险货物托运清单信息；
7.加强企业主要负责人、持证人员、各岗位从业人员的安全意识教育和技能培训；
8.按要求设置生产作业及环境监测系统，恶劣天气前停止作业。",,"23","202312271038005","2305",液体危险货物装、卸车作业泄漏中毒、火灾爆炸,,,,,2305,"0"
2026-03-16 19:04:07.000,（23）港口危险货物,火灾、其他爆炸、中毒和窒息、车辆伤害,"1.固体危险货物装卸车辆按要求进行定期检验，并做好日常检查；
2.定期固定危险货物堆场的防火、防爆、防雷、防静电等装置进行检验和检查；
3.装卸作业开始前严格按要求落实各项检查工作；
4.作业过程中做好抑尘、降尘措施；
5.堆存过程中做好降温、散热措施，防止热量的积聚自燃；
6.加强企业主要负责人、持证人员、各岗位从业人员的安全意识教育和技能培训。",,"23","202312271038006","2306",固体危险货物装、卸车作业泄漏中毒、火灾爆炸,,,,,2306,"0"
2026-03-16 19:04:07.000,（23）港口危险货物,火灾、其他爆炸、灼烫、中毒和窒息、淹溺,"1.码头动火作业、受限空间作业等特殊作业活动严格执行企业内部管理制度，并做好隔离、防护和应急措施；
2.严格按要求进行气体检测和分析，气体检测的仪表要定期检验，同时做好日常维护；
3.检修时使用的工属具应满足相关要求，穿戴好符合要求的劳动防护用品；
4.落实好监护人制度，无人监护不得实施动火、进入受限空间作业；
5.加强危险性作业劳务外包管理，严格审核承包商的资质条件；切实加强劳务派遣和灵活用工人员安全管理，做好作业交底和现场监护；
6.加强企业主要负责人、持证人员、各岗位从业人员的安全意识教育和技能培训。",,"23","202312271038007","2307",危险货物码头检维修作业中毒窒息、火灾爆炸,,,,,2307,"0"
2026-03-16 19:04:07.000,（23）港口危险货物,坍塌、淹溺、物体打击,"1.严格按照安全操作规程进行靠离泊作业；码头按要求设置靠泊辅助系统并保障其有效性；
2.严格按照码头泊位性质、功能、码头设计要求接靠船舶或者不超过码头靠泊等级接靠船舶；
3.解系缆人员应在安全区域作业，无关人员不得进入解系缆作业区域；
4.船舶靠泊码头及净间距应符合JTS 158、JTS 165、JTS 166 的相关要求；
5.定期进行船岸检查，恶劣天气前停止作业；
6.强化应急物资储备、应急设施设备配备和应急处置演练，建立区域应急救援联动机制；
7.按要求正确配备个人防护措施，严格落实作业监护制度；
8.加强装卸作业人员、持证人员等各岗位从业人员的安全意识教育和技能培训。",,"23","202312271038008","2308",港口危货船舶靠离泊作业碰撞,,,,,2308,"0"
2026-03-16 19:04:07.000,（23）港口危险货物,火灾、其他爆炸、中毒和窒息,"1.定期开展管道检测；
2.定期开展巡检，按要求配备管道压力、温度、气体泄漏等监控设施；
3.管道设置防碰撞措施；
4.设置紧急切断阀，配备符合要求的消防设施；
5.加强企业主要负责人、持证人员、各岗位从业人员的安全意识教育和技能培训。",,"23","202312271038009","2309",液体危险货物管道输送泄漏中毒,,,,,2309,"0"
2026-03-16 19:04:07.000,（1003）冶金等工贸行业通用,火灾、其他爆炸、中毒和窒息,储能电站电池组，锂电池的集中存储、处理场所，电瓶车、电动汽车、自动导引车（AGV）、电动叉车、扫地洗地车等使用锂电池的车辆集中充电区，故障和报废电池存储区,,"1003","202412161554701","100320",锂电池集中储存或充电热失控,,,,,320,"0"
2026-03-16 19:04:07.000,（1003）冶金等工贸行业通用,火灾、其他爆炸、中毒和窒息,使用溶剂型涂料的喷漆室、调漆间以及配套的地坑、风机和管道,,"1003","202412161554702","100321",涂装场所有机溶剂泄漏、挥发性气体积聚,,,,,321,"0"
2026-03-16 19:04:07.000,（1007）机械,火灾、其他爆炸、中毒和窒息,液氨储罐、液氨管道、使用液氨的热处理炉作业区,,"1007","202412161707003","100722",（热处理与电镀）液氨泄漏,,,,,722,"0"
2026-03-16 19:04:07.000,（1003）冶金等工贸行业通用,坍塌,轻质钢结构房屋、车棚、临时建筑，屋顶加装环保设备、光伏场站的建（构）筑物，改造后的钢结构建（构）筑物屋面钢梁、钢结构仓库、筒仓、储罐钢锥斗、基坑钢柱、承重设备钢柱、钢结构平台、除尘器钢结构,,"1003","202412161554703","100322",后期加盖、改造的钢结构建（构）筑物坍塌,,,,,322,"0"
2026-03-16 19:04:07.000,（1003）冶金等工贸行业通用,坍塌、物体打击,货架高度＞7m的立体仓库或货架仓库,,"1003","202412161554704","100323",立体库坍塌,,,,,323,"0"
2026-03-16 19:04:07.000,（1003）冶金等工贸行业通用,火灾、其他爆炸、中毒和窒息,储氨罐、氨气管道、氨法脱硫脱硝环保工艺设备,,"1003","202412161554705","100324",氨法脱硫脱硝环保工艺设备氨泄漏,,,,,324,"0"
2026-03-16 19:04:07.000,（1003）冶金等工贸行业通用,火灾、其他爆炸、中毒和窒息,各类烘道、烘箱、烘干室（房）,,"1003","202412161554706","100325",涂层加热烘干室燃烧,,,,,325,"0"
2026-03-16 19:04:07.000,（1003）冶金等工贸行业通用,火灾、触电、高处坠落、坍塌,厂房屋顶、建（构）筑物顶的光伏场站,,"1003","202412161554707","100326",屋顶光伏场站运行,,,,,326,"0"
2026-03-16 19:04:07.000,（1003）冶金等工贸行业通用,火灾、其他爆炸、中毒和窒息,微型轴承装配的精研间、装配前的检查间，精密陀螺仪装配的清洗间，磁带涂布烘干工段，易燃溶剂的物理提纯工作间、光致抗蚀剂的配制工作间，集成电路工厂使用闪点小于28℃的易燃液体的化学清洗间、外延间，常压化学气相沉积间和化学试剂贮存间；胶片厂的洗印车间；计算机房记录数据的磁盘贮存间，显像管厂装配工段烧枪间，磁带装配工段，集成电路工厂的氧化/扩散间、光刻间；洁净厂房、洁净室（区）内存在易燃、易爆、有毒危险化学品物料管线的技术夹层及其检维修作业,,"1003","202412161554708","100327",洁净厂房,,,,,327,"0"
2026-03-16 19:04:07.000,（1003）冶金等工贸行业通用,触电、火灾、其他爆炸,电压超过10kV的变压器、开关柜、电容柜、高压配电室、高压线路、配电柜,,"1003","202412161554709","100328",高压变配电装置运行,,,,,328,"0"
2026-03-16 19:04:07.000,（1003）冶金等工贸行业通用,高处坠落,距离跌落面2m及以上的作业（不包括外委外包作业）及区域，如：在轻质屋顶（彩钢瓦）作业，高处安装、拆除作业，使用梯子、脚手架、升降机、曲臂升降机作业，高度≥2m的磨机、料罐、精馏塔、炉、窑顶、各类平台等高处作业区域,,"1003","202412161554710","100329",高处作业,,,,,329,"0"
2026-03-16 19:04:07.000,（1004）冶金,坍塌,脱硫脱硝工艺料仓,,"1004","202412161623001","100440",料仓塌料,,,,,440,"0"
2026-03-16 19:04:07.000,（1004）冶金,灼烫,污水处理浓酸储罐、浓碱储罐，轧钢酸洗储罐、储槽，脱硫脱硝制酸工艺酸储罐，附属管道和阀门,,"1004","202412161623002","100441",酸碱泄漏,,,,,441,"0"
2026-03-16 19:04:07.000,（1004）冶金,火灾、其他爆炸,铁水包、铁水溜槽、铁水运输车、渣盆（罐）,,"1004","202412161623003","100442",冲天炉的铁水、熔渣运输过程中泄漏,,,,,442,"0"
2026-03-16 19:04:07.000,（1004）冶金,火灾、其他爆炸、中毒和窒息,冲天炉，除尘设备、烘烤装置，煤气管道及其附属设施（膨胀器、阀门、法兰、放散管、煤气排水器、水封等）,,"1004","202412161623004","100443",冲天炉本体及其配套设施的煤气泄漏,,,,,443,"0"
2026-03-16 19:04:07.000,（1004）冶金,中毒和窒息,采用氮气反吹或保护的除尘器,,"1004","202412161623005","100444",除尘器内检修作业时氮气泄漏,,,,,444,"0"
2026-03-16 19:04:07.000,（1005）有色,灼烫、其他爆炸,压铸机、低压铸造机,,"1005","202412161655001","100515",压铸机熔融金属飞溅,,,,,515,"0"
2026-03-16 19:04:07.000,（1005）有色,灼烫、其他爆炸,回转炉,,"1005","202412161655002","100516",铝灰炒灰机熔融金属泄漏,,,,,516,"0"
2026-03-16 19:04:07.000,（1005）有色,火灾、其他爆炸、灼烫,钢丝绳牵引系统、液压牵引系统、模盘、结晶器、铸造深井,,"1005","202412161655003","100517",深井铸造牵引系统故障、深井铸造熔铸岗位漏铝、冷却系统缺水,,,,,517,"0"
2026-03-16 19:04:07.000,（1005）有色,火灾、中毒和窒息,冷轧机、地下室、地沟,,"1005","202412161655004","100518",冷轧机轧制过程中叠带、断带引起轧制油燃烧,,,,,518,"0"
2026-03-16 19:04:07.000,（1005）有色,中毒和窒息,铝水除氢区，液氯钢瓶、铜支管等液氯储存输送（管道）设施，液氯汽化器,,"1005","202412161655005","100519",（铝水除氢）氯泄漏,,,,,519,"0"
2026-03-16 19:04:07.000,（1006）建材,火灾、其他爆炸,铝浆制备间、铝粉膏存放区  ,,"1006","202412161703001","100623",（石膏、水泥制品及类似制品制造）铝粉膏遇水,,,,,623,"0"
2026-03-16 19:04:07.000,（1006）建材,灼烫,回转窑、烘窑等高温区域,,"1006","202412161703002","100624",（水泥、石灰和石膏制造、粘土砖瓦及建筑砌块制造）回转窑点火、烘窑、给煤,,,,,624,"0"
2026-03-16 19:04:07.000,（1006）建材,火灾、中毒和窒息、灼烫,沥青储罐,,"1006","202412161703003","100625",沥青储罐泄漏,,,,,625,"0"
2026-03-16 19:04:07.000,（1006）建材,车辆伤害,窑车、装载机、搅拌车、摆渡车、履带式挖掘机等场内车辆作业区,,"1006","202412161703004","100626",专用车辆作业,,,,,626,"0"
2026-03-16 19:04:07.000,（1006）建材,坍塌、物体打击,水泥、砖坯等袋装、桶装、固定形状物料堆垛区,,"1006","202412161703005","100627",物料堆垛作业,,,,,627,"0"
2026-03-16 19:04:07.000,（1006）建材,物体打击、机械伤害,预应力张拉作业区,,"1006","202412161703006","100628",预应力张拉作业,,,,,628,"0"
2026-03-16 19:04:07.000,（1006）建材,高处坠落、触电淹溺、,沥青、混凝土等混料、拌合、搅拌设备及作业区,,"1006","202412161703007","100629",拌合（搅拌）作业,,,,,629,"0"
2026-03-16 19:04:07.000,（1006）建材,火灾、其他爆炸、中毒和窒息,油性物料（漆、胶、浆等）喷涂区、喷绘区、配料调制区，涂布机、胶罐、配胶间、胶料间、油漆车间等区域,,"1006","202412161703008","100630",喷涂、喷绘、喷胶等作业,,,,,630,"0"
2026-03-16 19:04:07.000,（1006）建材,坍塌、中毒和窒息、高处坠落、物体打击,砂石、粉煤灰、石膏等散状物料堆场或仓库,,"1006","202412161703009","100631",堆取进料、装卸作业,,,,,631,"0"
2026-03-16 19:04:07.000,（1006）建材,容器爆炸、机械伤害,成型喷釉区、压力罐,,"1006","202412161703010","100632",（卫生陶瓷制品制造）成型喷釉作业,,,,,632,"0"
2026-03-16 19:04:07.000,（1006）建材,灼烫、高处坠落、物体打击,窑尾烟室、高压水枪,,"1006","202412161703011","100633",（水泥、石灰和石膏制造、粘土砖瓦及建筑砌块制造）窑尾烟室清理作业,,,,,633,"0"
2026-03-16 19:04:07.000,（1007）机械,火灾、其他爆炸、中毒和窒息,自燃性、易燃性、剧毒性、毒性、腐蚀性、氧化性特种气体站、特种气体间、特种气体柜或气瓶架区域,,"1007","202412161707001","100720",（特气供应）特种气体泄漏,,,,,720,"0"
2026-03-16 19:04:07.000,（1007）机械,火灾、其他爆炸、中毒和窒息,冲天炉、除尘设备、烘烤装置、煤气管道及其附属设施（膨胀器、阀门、法兰、放散管、煤气排水器、水封等）,,"1007","202412161707004","100723",（铸造）冲天炉本体及其配套设施的煤气泄漏,,,,,723,"0"
2026-03-16 19:04:07.000,（1007）机械,火灾、其他爆炸、中毒和窒息,喷涂室、流平区域、烘干室、浸涂槽、喷烘两用喷漆室、调漆区、临时涂漆作业场所、涂漆风机、管道、地坑、过滤棉箱,,"1007","202412161707005","100724",（涂装）漆渣清理作业,,,,,724,"0"
2026-03-16 19:04:07.000,（1007）机械,机械伤害,搬运/上下料机器人作业区、装配机器人作业区,,"1007","202412161707006","100725",（机械加工）搬运/上下料、装配机器人作业,,,,,725,"0"
2026-03-16 19:04:07.000,（1008）轻工,火灾,皮革、毛皮、羽毛及其制品储存场所,,"1008","202412161712001","100819",皮革、毛皮、羽毛储存场所遇明火或火花,,,,,819,"0"
2026-03-16 19:04:07.000,（1008）轻工,火灾,羽毛（绒）制品区域,,"1008","202412161712002","100820",羽毛（绒）制品区域遇明火或火花,,,,,820,"0"
2026-03-16 19:04:07.000,（1008）轻工,其他爆炸、火灾,涉及淀粉粉尘的场所或设备，如：淀粉存放场所、气力输送系统、淀粉搅拌区域,,"1008","202412161712003","100821",（造纸和纸制品业）淀粉粉尘积聚,,,,,821,"0"
2026-03-16 19:04:07.000,（1008）轻工,其他爆炸、火灾,锂离子电池正极极片激光模切除尘器、铝壳激光焊接除尘器,,"1008","202412161712004","100822",（电池制造业）金属可燃粉尘积聚,,,,,822,"0"
2026-03-16 19:04:07.000,（1008）轻工,火灾、其他爆炸、中毒和窒息、灼烫,NMP储罐、电解液储罐、电解液仓库、注液机,,"1008","202412161712005","100823",（电池制造业）N-甲基吡咯烷酮（NMP）、电解液等易燃、可燃物料泄漏,,,,,823,"0"
2026-03-16 19:04:07.000,（1008）轻工,火灾、其他爆炸,锂离子电池化成区域、锂离子老化测试区域、锂离子电池成品仓库、锂离子电池破坏性实验室、故障电池存放区,,"1008","202412161712006","100824",（电池制造业）锂离子电池热失控,,,,,824,"0"
2026-03-16 19:04:07.000,（1008）轻工,火灾、其他爆炸,正极涂布烘箱、NMP回收装置,,"1008","202412161712007","100825",（电池制造业）正极涂布烘箱、NMP回收装置NMP可燃气体积聚,,,,,825,"0"
2026-03-16 19:04:07.000,（1008）轻工,其他爆炸、火灾,料仓、除尘系统、聚合釜、造粒机、混合搅拌机,,"1008","202412161712008","100826",（橡胶和塑料制品业）橡胶和塑料粉尘积聚,,,,,826,"0"
2026-03-16 19:04:07.000,（1008）轻工,火灾、其他爆炸,烘制、油炸设备,,"1008","202412161712009","100827",（食品制造行业）烘制、油炸设备超温运行,,,,,827,"0"
2026-03-16 19:04:07.000,（1009）纺织,其他爆炸、火灾,烧毛机,,"1009","202412161719001","100906",烧毛机燃气泄漏,,,,,906,"0"
2026-03-16 19:04:07.000,（1009）纺织,物体打击,漂染工序卷布机、A字架,,"1009","202412161719002","100907",主漂染大轴脱落,,,,,907,"0"
2026-03-16 19:04:07.000,（1009）纺织,灼烫、触电,蒸汽箱体,,"1009","202412161719003","100908",（浆纱工序）蒸汽箱体（高温、潮湿环境）绝缘性能降低,,,,,908,"0"
2026-03-16 19:04:07.000,（1009）纺织,火灾,定型机,,"1009","202412161719004","100909",定型机内部可燃物积聚,,,,,909,"0"
2026-03-16 19:04:07.000,（1009）纺织,火灾、其他爆炸,亚麻吸尘、滤尘设备,,"1009","202412161719005","100910",亚麻粉尘积聚,,,,,910,"0"
2026-03-16 19:04:07.000,（1009）纺织,火灾、机械伤害,粗纱机、细纱机、捻线机、并纱机,,"1009","202412161719006","100911",罗拉运转摩擦,,,,,911,"0"
2026-03-16 19:04:07.000,（1009）纺织,火灾、其他爆炸,充绒机、充绒间、羽绒储存间,,"1009","202412161719007","100912",羽绒细绒和飞絮遇静电、明火、火花或高温,,,,,912,"0"
2026-03-16 19:04:07.000,（1009）纺织,火灾、其他爆炸,拉丝作业区、纺丝作业区,,"1009","202412161719008","100913",导热油炉超压、可燃物积聚,,,,,913,"0"
2026-03-16 19:04:07.000,（1009）纺织,机械伤害、火灾,热剪切作业区,,"1009","202412161719009","100914",服装、家纺布料热剪切作业,,,,,914,"0"
2026-03-16 19:04:07.000,（1009）纺织,火灾、其他爆炸,提纯反应釜、真空泵,,"1009","202412161719010","100915",提纯反应釜超压,,,,,915,"0"
2026-03-16 19:04:07.000,（1010）烟草,其他爆炸、火灾,涉及烟草烟叶粉尘的场所或设备，如：打叶、切丝、碎叶或粉碎、薄片破碎、卷烟设备，输料设备（气力输送系统），除尘系统（除尘器、除尘管道、粉尘料仓）,,"1010","202412161721001","101004",烟草烟叶粉尘积聚,,,,,1004,"0"
2026-03-16 19:04:07.000,（3413）谷物磨制,火灾,烘干塔、粮堆,,"3413","202502307124245","341307",粮食烘干作业,,,,,1307,"0"
2026-03-16 19:04:07.000,（3413）谷物磨制,高处坠落,仓库清理和维修过程中登高、设备移动作业,,"3413","202502307124246","341308",高处作业,,,,,1308,"0"
2026-03-16 19:04:07.000,（3413）谷物磨制,中毒和窒息,气调仓、烘干塔、卸粮坑、地上（下）通廊及药品库等存在中毒风险的区域,,"3413","202502307124247","341309",有限空间作业,,,,,1309,"0"
